AnimalID 1,ET1,ET2,ET3,MRID,Sex,MR22f,MR22w,S22,MR23,S23,MR24,S24,MR25,Notes,,,,,,,,,,,,
2A-22-F1,79,1849,,79 / 1849,F,2A,,,,,,,,,,,,,,,,,,,,
2A-22-F2,81,,,81,F,2A,,,,,,,,,,,,,,,,,,,,
2A-22-F3,1856,,,1856,F,2A,,,2A,,,,,,,,,,,,,,,,,
2A-22-F4,1857,,,1857,F,2A,,2A,,,,,,,,,,,,,,,,,,
2A-22-F5,1877,,,1877,F,2A,,2A,,,,,,,,,,,,,,,,,,
2A-22-F6,1863,,,1863,F,2A,,,2A,2A,,,,,,,,,,,,,,,,
2A-22-F7,1864,,,1864,F,2A,,,,,,,,,,,,,,,,,,,,
2A-22-F8,1838,,,1838,F,2A,,,,,,,,,,,,,,,,,,,,
2A-22-F9,1887,,,1887,F,2A,,,,,,,,,,,,,,,,,,,,
2A-22-F10,84,,,84,F,2A,,2A,,,,,,,,,,,,,,,,,,
2A-22-F11,942,,,,F,,,2A,,,,,,,,,,,,,,,,,,
2A-22-M1,76,77,,76 / 77,M,2A,,,,,,,,Originally assigned a juvenile,,,,,,,,,,,,
2A-22-M2,1827,,,1827,M,2A,,,,,,,,,,,,,,,,,,,,
2A-22-M3,80,,,80,M,2A,,,,,,,,,,,,,,,,,,,,
2A-22-M4,82,,,82,M,2A,,2A,,,,,,,,,,,,,,,,,,
2A-22-M5,83,,,83,M,2A,,,,,,,,,,,,,,,,,,,,
2A-22-M7,2A-22-M7,,,2A-22-M7,M,2A,,,,,,,,,,,,,,,,,,,,
2A-22-M8,88,,,88,M,2A,,,2A,,,,,,,,,,,,,,,,,
2A-22-M9,1826,,,1826,M,2A,,,,,,,,,,,,,,,,,,,,
2A-22-M10,1876,,,1876,M,2A,,,,,,,,,,,,,,,,,,,,
2A-22-M11,89,,,89,M,2A,,,,,,,,,,,,,,,,,,,,
2A-22-M12,1858,,,1858,M,2A,,,,,,,,,,,,,,,,,,,,
2A-22-M13,1862,,,1862,M,2A,,,2A,,,,,,,,,,,,,,,,,
2A-22-M14,1882,,,1882,M,2A,,,,,,,,,,,,,,,,,,,,
2A-22-M15,1883,1705,,1883 / 1705,M,2A,,,2A,2A,,,,,,,,,,,,,,,,
2A-22-M16,1833,,,1833,M,2A,,,,,,,,,,,,,,,,,,,,
2A-22-M17,1834,,,1834,M,2A,,,,,,,,,,,,,,,,,,,,
2A-22-M18,1835,,,1835,M,2A,,,,,,,,,,,,,,,,,,,,
2A-22-M19,1836,,,1836,M,2A,,,,,,,,,,,,,,,,,,,,
2A-22-M20,952,544,,952 / 544,M,,,2A,2A,2A,,,,,,,,,,,,,,,,
2A-22-M21,941,,,941,M,,,2A,2B,,,,,,,,,,,,,,,,,
2A-22-M22,943,,,,M,,,2A,,,,,,,,,,,,,,,,,,
2A-22-M23,953,,,953,M,,,2A,2A,,,,,,,,,,,,,,,,,
2A-23-F1,451,,,451,F,,,,2A,,,,,,,,,,,,,,,,,
2A-23-F2,452,,,452,F,,,,2A,,,,,,,,,,,,,,,,,
2A-23-F3,479,,,479,F,,,,2A,,,,,,,,,,,,,,,,,
2A-23-F4,454,,,454,F,,,,2A,2A,,,,,,,,,,,,,,,,
2A-23-F5,480,,,480,F,,,,2A,,,,,,,,,,,,,,,,,
2A-23-F6,485,,,485,F,,,,2A,,,,,,,,,,,,,,,,,
2A-23-F7,462,,,462,F,,,,2A,,,,,,,,,,,,,,,,,
2A-23-F8,468,,,468,F,,,,2A,,,,,,,,,,,,,,,,,
2A-23-F9,495,,,495,F,,,,2A,,,,,,,,,,,,,,,,,
2A-23-F10,498,,,498,F,,,,2A,,,,,,,,,,,,,,,,,
2A-23-F11,499,,,499,F,,,,2A,,2A,,,,,,,,,,,,,,,
2A-23-F12,600,,,600,F,,,,,2A,2A,2A,,,,,,,,,,,,,,
2A-23-F13,545,,,545,F,,,,,2A,2A,2A,,,,,,,,,,,,,,
2A-23-F14,464,,,464,F,,,,2A,,,,,,,,,,,,,,,,,
2A-23-F15,1253,,,1253,F,,,,,2A,2A,,,,,,,,,,,,,,,
2A-23-M1,476,,,476,M,,,,2A,,,,,,,,,,,,,,,,,
2A-23-M2,477,,,477,M,,,,2A,,,,,,,,,,,,,,,,,
2A-23-M3,478,,,478,M,,,,2A,2A,,,,,,,,,,,,,,,,
2A-23-M4,453,,,453,M,,,,2A,2A,,,,,,,,,,,,,,,,
2A-23-M5,2A-Blue A,,,2A-Blue A,M,,,,2A,,,,,,,,,,,,,,,,,
2A-23-M6,455,,,455,M,,,,2A,,,,,,,,,,,,,,,,,
2A-23-M7,456,,,456,M,,,,2A,2A,,,,,,,,,,,,,,,,
2A-23-M8,2A-Blue B,,,2A-Blue B,M,,,,2A,,,,,,,,,,,,,,,,,
2A-23-M9,463,,,463,M,,,,2A,,,,,,,,,,,,,,,,,
2A-23-M10,489,,,489,M,,,,2A,,,,,,,,,,,,,,,,,
2A-23-M11,2A-Blue C,,,2A-Blue C,M,,,,2A,,,,,,,,,,,,,,,,,
2A-23-M12,494,,,494,M,,,,2A,,,,,,,,,,,,,,,,,
2A-23-M14,470,,,470,M,,,,2A,,,,,,,,,,,,,,,,,
2A-23-M15,496,,,496,M,,,,2A,,,,,,,,,,,,,,,,,
2A-23-M16,2A-23-M16,,,2A-23-M16,M,,,,2A,,,,,,,,,,,,,,,,,
2A-23-M17,1065,,,,M,,,,,2A,,,,,,,,,,,,,,,,
2A-23-M18,1066,,,,M,,,,,2A,,,,,,,,,,,,,,,,
2A-24-F1,523,,,523,F,,,,,,2A,,,,,,,,,,,,,,,
2A-24-F2,1202,,,1202,F,,,,,,2A,2A,,,,,,,,,,,,,,
2A-24-F3,1205,,,1205,F,,,,,,2A,,,,,,,,,,,,,,,
2A-24-F4,1206,,,1206,F,,,,,,2A,,,,,,,,,,,,,,,
2A-24-F5,1263,,,1263,F,,,,,,2A,,,,,,,,,,,,,,,
2A-24-F6,1211,,,1211,F,,,,,,2A,,,,,,,,,,,,,,,
2A-24-F7,1700,,,1700,F,,,,,,,2A,2A,,,,,,,,,,,,,
2A-24-M1,520,,,520,M,,,,,,2A,,,,,,,,,,,,,,,
2A-24-M2,1203,,,1203,M,,,,,,2A,,,,,,,,,,,,,,,
2A-24-M3,1204,,,1204,M,,,,,,2A,,,,,,,,,,,,,,,
2A-24-M4,1207,,,1207,M,,,,,,2A,2A,,,,,,,,,,,,,,
2A-24-M5,1208,,,1208,M,,,,,,2A,,,,,,,,,,,,,,,
2A-24-M6,1261,,,1261,M,,,,,,2A,,,,,,,,,,,,,,,
2A-24-M7,1209,,,1209,M,,,,,,2A,2A,2A,,,,,,,,,,,,,
2A-24-M8,1262,,,1262,M,,,,,,2A,,,,,,,,,,,,,,,
2A-24-M9,1210,,,1210,M,,,,,,2A,,,,,,,,,,,,,,,
2A-24-M10,2A-Red O,,,2A-Red O,M,,,,,,2A,,,,,,,,,,,,,,,
2A-24-U1,2A-24-U1,,,2A-24-U1,U,,,,,,2A,,,,,,,,,,,,,,,
2A-25-F1,1699,,,1699,F,,,,,,,,2A,,,,,,,,,,,,,
2A-25-F2,1698,,,1698,F,,,,,,,,2A,,,,,,,,,,,,,
2A-25-F3,1680,,,1680,F,,,,,,,,2A,,,,,,,,,,,,,
2A-25-F4,1697,,,1697,F,,,,,,,,2A,,,,,,,,,,,,,
2A-25-F5,1450,,,1450,F,,,,,,,,2A,,,,,,,,,,,,,
2A-25-F6,1427,,,1427,F,,,,,,,,2A,,,,,,,,,,,,,
2A-25-F7,1683,,,1683,F,,,,,,,,2A,,,,,,,,,,,,,
2A-25-F8,1685,,,1685,F,,,,,,,,2A,,,,,,,,,,,,,
2A-25-F9,1429,,,1429,F,,,,,,,,2A,,,,,,,,,,,,,
2A-25-M1,1681,,,1681,M,,,,,,,,2A,,,,,,,,,,,,,
2A-25-M2,1426,,,1426,M,,,,,,,,2A,,,,,,,,,,,,,
2A-25-M3,1696,,,1696,M,,,,,,,,2A,,,,,,,,,,,,,
2A-25-M4,1430,,,1430,M,,,,,,,,2A,,,,,,,,,,,,,
2A-25-U1,1695,,,1695,U,,,,,,,,2A,,,,,,,,,,,,,
2A-25-U2,2A-25-U2,,,2A-25-U2,U,,,,,,,,2A,,,,,,,,,,,,,
2B-22-F1,1851,,,1851,F,2B,,2B,2B,,,,,,,,,,,,,,,,,
2B-22-F2,85,,,85,F,2B,,,2B,2B,2B,,,,,,,,,,,,,,,
2B-22-F3,1879,,,1879,F,2B,,,,,,,,,,,,,,,,,,,,
2B-22-F4,1861,,,1861,F,2B,,,,,,,,,,,,,,,,,,,,
2B-22-F5,1837,,,1837,F,2B,,,,,,,,,,,,,,,,,,,,
2B-22-M1,1852,,,1852,M,2B,,,2B,,,,,,,,,,,,,,,,,
2B-22-M2,86,,,86,M,2B,,,,,,,,,,,,,,,,,,,,
2B-22-M3,87,,,87,M,2B,,,,,,,,,,,,,,,,,,,,
2B-22-M4,1854,,,1854,M,2B,,,,,,,,,,,,,,,,,,,,
2B-22-M5,1855,,,1855,M,2B,,,,,,,,,,,,,,,,,,,,
2B-22-M6,1878,,,1878,M,2B,,,,,,,,,,,,,,,,,,,,
2B-22-M7,1880,,,1880,M,2B,,2B,,,,,,,,,,,,,,,,,,
2B-22-M8,1881,,,1881,M,2B,,,,,,,,,,,,,,,,,,,,
2B-22-M9,90,,,90,M,2B,,,,,,,,,,,,,,,,,,,,
2B-22-M10,1832,,,1832,M,2B,,,,,,,,,,,,,,,,,,,,
2B-22-M11,1886,1636,,1886 / 1636,M,2B,,,2B,,2B,2B,,,,,,,,,,,,,,
2B-22-M12,1884,,,1884,M,2B,,,,,,,,,,,,,,,,,,,,
2B-22-M13,1885,,,1885,M,2B,,2B,2B,2B,,,,,,,,,,,,,,,,
2B-22-M14,1865,,,1865,M,2B,,,,,,,,,,,,,,,,,,,,
2B-22-M15,939,,,939,M,,,2B,2B,,2B,,,,,,,,,,,,,,,
2B-22-M16,940,,,940,M,,,2B,2B,2B,,,,,,,,,,,,,,,,
2B-23-F1,481,,,481,F,,,,2B,,,,,,,,,,,,,,,,,
2B-23-F2,458,,,458,F,,,,2B,,2B,,,,,,,,,,,,,,,
2B-23-F3,459,,,459,F,,,,2B,,,,,,,,,,,,,,,,,
2B-23-F4,484,,,484,F,,,,2B,2B,2B,2B,2B,,,,,,,,,,,,,
2B-23-F5,465,,,465,F,,,,2B,,,,,,,,,,,,,,,,,
2B-23-F6,466,,,466,F,,,,2B,,,,,,,,,,,,,,,,,
2B-23-F7,493,,,493,F,,,,2B,,,,,,,,,,,,,,,,,
2B-23-F8,1003,,,1003,F,,,,2B,,2B,,,,,,,,,,,,,,,
2B-23-F9,471,,,471,F,,,,2B,,,,,,,,,,,,,,,,,
2B-23-F10,803,,,803,F,,,,2B,,,,,,,,,,,,,,,,,
2B-23-F11,1254,,,1254,F,,,,,,2A,,,,,,,,,,,,,,,
2B-23-M1,457,,,457,M,,,,2B,,,,,,,,,,,,,,,,,
2B-23-M2,482,,,482,M,,,,2B,,,,,,,,,,,,,,,,,
2B-23-M3,483,,,483,M,,,,2B,2B,2B,,,,,,,,,,,,,,,
2B-23-M4,460,,,460,M,,,,2B,,,,,,,,,,,,,,,,,
2B-23-M5,461,,,461,M,,,,2B,2B,,,,,,,,,,,,,,,,
2B-23-M6,486,,,486,M,,,,2B,,,,,,,,,,,,,,,,,
2B-23-M7,487,,,487,M,,,,2B,,,,,,,,,,,,,,,,,
2B-23-M8,488,,,488,M,,,,2B,,2B,,,,,,,,,,,,,,,
2B-23-M9,467,,,467,M,,,,2B,,,,,,,,,,,,,,,,,
2B-23-M10,490,,,490,M,,,,2B,,,,,,,,,,,,,,,,,
2B-23-M11,491,,,491,M,,,,2B,,,,,,,,,,,,,,,,,
2B-23-M12,469,,,469,M,,,,2B,,,,,,,,,,,,,,,,,
2B-23-M13,492,,,492,M,,,,2B,,,,,,,,,,,,,,,,,
2B-23-M14,1001,,,1001,M,,,,2B,,2B,,2B,,,,,,,,,,,,,
2B-23-M15,1002,,,1002,M,,,,2B,,,,,,,,,,,,,,,,,
2B-23-M16,1004,,,1004,M,,,,2B,,,,,,,,,,,,,,,,,
2B-23-M17,2B-Red C,,,2B-Red C,M,,,,2B,,,,,,,,,,,,,,,,,
2B-23-M18,472,,,472,M,,,,2B,,,,,,,,,,,,,,,,,
2B-23-M19,473,,,473,M,,,,2B,,,,,,,,,,,,,,,,,
2B-23-M20,804,,,,M,,,,,2B,,,,,,,,,,,,,,,,
2B-23-M21,1005,,,1005,M,,,,2B,2B,,,,,,,,,,,,,,,,
2B-23-M22,497,,,497,M,,,,2B,,,,,,,,,,,,,,,,,
2B-23-M24,474,,,474,M,,,,2B,,,,,,,,,,,,,,,,,
2B-23-M25,509,,,,M,,,,,2B,,,,,,,,,,,,,,,,
2B-23-M26,475,,,475,M,,,,2B,,,,,Originally given duplicate 2B-23-M17,,,,,,,,,,,,
2B-24-F1,873,,,873,F,,,,,,2B,,2B,,,,,,,,,,,,,
2B-24-F2,862,,,862,F,,,,,,2B,,,,,,,,,,,,,,,
2B-24-F3,867,,,867,F,,,,,,2B,,,,,,,,,,,,,,,
2B-24-F4,843,,,843,F,,,,,,2B,,,,,,,,,,,,,,,
2B-24-F5,844,,,844,F,,,,,,2B,,,,,,,,,,,,,,,
2B-24-F6,871,,,871,F,,,,,,2B,,,,,,,,,,,,,,,
2B-24-F7,1264,,,1264,F,,,,,,2B,,,,,,,,,,,,,,,
2B-24-F8,846,,,846,F,,,,,,2B,,,,,,,,,,,,,,,
2B-24-M1,858,,,858,M,,,,,,2B,,,,,,,,,,,,,,,
2B-24-M2,837,,,837,M,,,,,,2B,,,,,,,,,,,,,,,
2B-24-M3,838,,,838,M,,,,,,2B,,,,,,,,,,,,,,,
2B-24-M4,839,,,839,M,,,,,,2B,,,,,,,,,,,,,,,
2B-24-M5,870,,,870,M,,,,,,2B,2B,,,,,,,,,,,,,,
2B-24-M6,869,,,869,M,,,,,,2B,,,,,,,,,,,,,,,
2B-24-M7,840,,,840,M,,,,,,2B,,,,,,,,,,,,,,,
2B-24-M8,841,,,841,M,,,,,,2B,,,,,,,,,,,,,,,
2B-24-M9,842,,,842,M,,,,,,2B,2B,,,,,,,,,,,,,,
2B-24-M10,845,,,845,M,,,,,,2B,,,,,,,,,,,,,,,
2B-24-U1,2B-Blue O,,,2B-Blue O,U,,,,,,2B,,,,,,,,,,,,,,,
2B-24-U2,2B-Blue I,,,2B-Blue I,U,,,,,,2B,,,,,,,,,,,,,,,
2B-25-F1,602,,,602,F,,,,,,,,2B,,,,,,,,,,,,,
2B-25-F2,605,,,605,F,,,,,,,,2B/2A,Switched between 2B and 2A,,,,,,,,,,,,
2B-25-F3,611,612,,611 / 612,F,,,,,,,,2B,,,,,,,,,,,,,
2B-25-F4,613,,,613,F,,,,,,,,2B,,,,,,,,,,,,,
2B-25-F5,1428,,,1428,F,,,,,,,,2B,,,,,,,,,,,,,
2B-25-F6,615,,,615,F,,,,,,,,2B,,,,,,,,,,,,,
2B-25-F7,616,,,616,F,,,,,,,,2B,,,,,,,,,,,,,
2B-25-M1,601,,,601,M,,,,,,,,2B,,,,,,,,,,,,,
2B-25-M2,603,,,603,M,,,,,,,,2B,,,,,,,,,,,,,
2B-25-M3,604,,,604,M,,,,,,,,2B,,,,,,,,,,,,,
2B-25-M4,606,,,606,M,,,,,,,,2B,,,,,,,,,,,,,
2B-25-M5,607,,,607,M,,,,,,,,2B,,,,,,,,,,,,,
2B-25-M6,608,,,608,M,,,,,,,,2B,,,,,,,,,,,,,
2B-25-M7,609,,,609,M,,,,,,,,2B,,,,,,,,,,,,,
2B-25-M8,2B-Black O,,,2B-Black O,M,,,,,,,,2B,,,,,,,,,,,,,
2B-25-M9,610,,,610,M,,,,,,,,2B,,,,,,,,,,,,,
2B-25-M10,614,,,614,M,,,,,,,,2B,,,,,,,,,,,,,
2B-25-U1,1684,,,1684,U,,,,,,,,2B,,,,,,,,,,,,,
2C-22-F1,1829,,,1829,F,2C,,,,,,,,,,,,,,,,,,,,
2C-22-F2,1830,,,1830,F,2C,,,,,,,,,,,,,,,,,,,,
2C-22-F3,1860,,,1860,F,2C,,,2C,,,,,,,,,,,,,,,,,
2C-22-F4,1841,,,1841,F,2C,,,,,,,,,,,,,,,,,,,,
2C-22-F5,1839,,,1839,F,2C,,,,,,,,,,,,,,,,,,,,
2C-22-F6,1889,,,1889,F,2C,,,2C,,,,,,,,,,,,,,,,,
2C-22-F7,1890,,,1890,F,2C,,,,,,,,,,,,,,,,,,,,
2C-22-F8,284,,,284,F,2C,,,,,,,,,,,,,,,,,,,,
2C-22-F9,1894,,,1894,F,2C,,2C,,,,,,,,,,,,,,,,,,
2C-22-F10,427,,,427,F,2C,,,,,,,,,,,,,,,,,,,,
2C-22-F11,1576,,,1576,F,2C,,,2C,,,,,,,,,,,,,,,,,
2C-22-F12,287,,,287,F,2C,,,,,,,,,,,,,,,,,,,,
2C-22-F13,979,,,979,F,2C,,,,,,,,,,,,,,,,,,,,
2C-22-F14,981,,,981,F,2C,,,,,,,,,,,,,,,,,,,,
2C-22-F15,986,,,986,F,2C,,,2C,2C,,,,,,,,,,,,,,,,
2C-22-M1,1859,,,1859,M,2C,,,,,,,,,,,,,,,,,,,,
2C-22-M2,1831,,,1831,M,2C,,,,,,,,,,,,,,,,,,,,
2C-22-M3,1842,,,1842,M,2C,,,,,,,,,,,,,,,,,,,,
2C-22-M4,1840,,,1840,M,2C,,,,,,,,,,,,,,,,,,,,
2C-22-M5,1888,,,1888,M,2C,,,,,,,,,,,,,,,,,,,,
2C-22-M6,1892,,,1892,M,2C,,,,,,,,,,,,,,,,,,,,
2C-22-M7,285,,,285,M,2C,,,,,,,,,,,,,,,,,,,,
2C-22-M8,1870,,,1870,M,2C,,,,,,,,,,,,,,,,,,,,
2C-22-M9,426,,,426,M,2C,,,,,,,,,,,,,,,,,,,,
2C-22-M10,93,,,93,M,2C,,,,,,,,,,,,,,,,,,,,
2C-22-M11,286,,,286,M,2C,,,,,,,,,,,,,,,,,,,,
2C-22-M12,978,,,,M,,,2C,,,,,,,,,,,,,,,,,,
2C-22-M13,980,,,,M,,,2C,,,,,,,,,,,,,,,,,,
2C-22-M14,925,957,1241,925 / 957 / 1241,M,,,2C,,,2C,,,,,,,,,,,,,,,
2C-22-M15,982,,,,M,,,2C,,,,,,,,,,,,,,,,,,
2C-22-M16,1000,,,,M,,,2C,,,,,,,,,,,,,,,,,,
2C-22-M17,985,,,,M,,,2C,,,,,,,,,,,,,,,,,,
2C-22-M18,956,,,956,M,,,2C,,,2C,,2C,,,,,,,,,,,,,
2C-22-M19,1891,,,1891,M,2C,,,,,,,,Mistakenly given a duplicate AnimID (2C-22-F7),,,,,,,,,,,,
2C-23-F1,532,,,532,F,,,,2C,2C,,,,,,,,,,,,,,,,
2C-23-F2,811,,,811,F,,,,2C,,,,,,,,,,,,,,,,,
2C-23-F3,535,,,535,F,,,,2C,,,,,,,,,,,,,,,,,
2C-23-F4,537,,,537,F,,,,2C,,,,,,,,,,,,,,,,,
2C-23-F5,538,,,538,F,,,,2C,,,,,,,,,,,,,,,,,
2C-23-F7,539,,,539,F,,,,2C,2C,2C,,,,,,,,,,,,,,,
2C-23-F8,836,,,,F,,,,,2C,,,,,,,,,,,,,,,,
2C-23-M1,533,,,533,M,,,,2C,,,,,,,,,,,,,,,,,
2C-23-M2,534,,,534,M,,,,2C,,,,,,,,,,,,,,,,,
2C-23-M3,1068,,,1068,M,,,,2C,,,,,,,,,,,,,,,,,
2C-23-M4,812,,,812,M,,,,2C,,,,,,,,,,,,,,,,,
2C-23-M5,536,,,536,M,,,,2C,,,,,,,,,,,,,,,,,
2C-23-M6,540,,,540,M,,,,2C,,,,,,,,,,,,,,,,,
2C-23-M7,834,,,834,M,,,,2C,,,,,,,,,,,,,,,,,
2C-23-M8,515,,,,M,,,,,2C,,,,,,,,,,,,,,,,
2C-23-M9,851,1601,1601,851 / 1601,M,,,,,2C,2C,,,,,,,,,,,,,,,
2C-23-M10,850,1602,,850 / 1602,M,,,,,2C,2C,,,,,,,,,,,,,,,
2C-24-F1,1240,,,1240,F,,,,,,2C,2C,,,,,,,,,,,,,,
2C-24-F2,1677,,,1677,F,,,,,,2C,,,,,,,,,,,,,,,
2C-24-F3,1243,,,1243,F,,,,,,2C,,,,,,,,,,,,,,,
2C-24-F4,1246,,,1246,F,,,,,,2C,,,,,,,,,,,,,,,
2C-24-F5,1637,,,,F,,,,,,,2C,,,,,,,,,,,,,,
2C-24-M1,1799,,,1799,M,,,,,,2C,,2C,,,,,,,,,,,,,
2C-24-M2,1800,,,1800,M,,,,,,2C,,,,,,,,,,,,,,,
2C-24-M3,1676,,,1676,M,,,,,,2C,2C,2C,,,,,,,,,,,,,
2C-24-M4,1242,,,1242,M,,,,,,2C,,,,,,,,,,,,,,,
2C-24-M5,1244,,,1244,M,,,,,,2C,,,,,,,,,,,,,,,
2C-24-M6,1678,,,1678,M,,,,,,2C,,,,,,,,,,,,,,,
2C-24-M7,1245,,,1245,M,,,,,,2C,,,,,,,,,,,,,,,
2C-24-M8,1247,,,1247,M,,,,,,2C,,,,,,,,,,,,,,,
2C-24-M9,1632,,,1632,M,,,,,,2C,,,,,,,,,,,,,,,
2C-25-F1,667,,,667,F,,,,,,,,2C,,,,,,,,,,,,,
2C-25-F2,669,,,669,F,,,,,,,,2C,,,,,,,,,,,,,
2C-25-F3,1927,,,1927,F,,,,,,,,2C,,,,,,,,,,,,,
2C-25-F4,1928,,,1928,F,,,,,,,,2C,,,,,,,,,,,,,
2C-25-M1,668,,,668,M,,,,,,,,2C,,,,,,,,,,,,,
2C-25-M2,699,,,699,M,,,,,,,,2C,,,,,,,,,,,,,
2C-25-M3,700,,,700,M,,,,,,,,2C,,,,,,,,,,,,,
2C-25-M4,1926,,,1926,M,,,,,,,,2C,,,,,,,,,,,,,
2C-25-M5,1929,,,1929,M,,,,,,,,2C,,,,,,,,,,,,,
3A-22-F1,292,,,292,F,3A,3A,,,,,,,,,,,,,,,,,,,
3A-22-F2,1871,,,1871,F,3A,3A,,,,,,,,,,,,,,,,,,,
3A-22-F3,295,,,295,F,3A,,,3A,,,,,,,,,,,,,,,,,
3A-22-F4,402,,,402,F,3A,3A,,3A,3A,,,,,,,,,,,,,,,,
3A-22-F5,389,,,389,F,3A,,,3A,3A,,,,,,,,,,,,,,,,
3A-22-F6,432,,,432,F,3A,,,3A,3A,3A,,,,,,,,,,,,,,,
3A-22-F7,436,,,436,F,3A,,,,,,,,,,,,,,,,,,,,
3A-22-F8,441,,,441,F,,3A,,3A,,,,,,,,,,,,,,,,,
3A-22-F9,1581,,,,F,,3A,3A,,,,,,,,,,,,,,,,,,
3A-22-M1,293,,,293,M,3A,,,,,,,,,,,,,,,,,,,,
3A-22-M2,1872,,,1872,M,3A,,,,,,,,,,,,,,,,,,,,
3A-22-M3,387,,,387,M,3A,3A,3A,,,,,,,,,,,,,,,,,,
3A-22-M4,430,,,430,M,3A,3A,,3A,3A,,,,,,,,,,,,,,,,
3A-22-M5,403,,,403,M,3A,,,3A,,,,,,,,,,,,,,,,,
3A-22-M6,390,,,390,M,3A,,,,,,,,,,,,,,,,,,,,
3A-22-M7,391,,,391,M,3A,,,,,,,,,,,,,,,,,,,,
3A-22-M8,431,1078,,431 / 1078,M,3A,,,3A,,,,,,,,,,,,,,,,,
3A-22-M9,398,,,398,M,3A,,,,,,,,,,,,,,,,,,,,
3A-22-M10,442,,,,M,,3A,,,,,,,,,,,,,,,,,,,
3A-22-M11,1580,,,1580,M,,3A,3A,3A,,,,,,,,,,,,,,,,,
3A-22-M12,954,,,954,M,,,3A,3A,,,,,,,,,,,,,,,,,
3A-22-M13,298,,,298,M,3A,,,,,,,,,,,,,,,,,,,,
3A-23-F1,1006,,,1006,F,,,,3A,,,,,,,,,,,,,,,,,
3A-23-F2,1010,,,1010,F,,,,3A,,,,,,,,,,,,,,,,,
3A-23-F3,1011,,,1011,F,,,,3A,,,,,,,,,,,,,,,,,
3A-23-F4,1702,,,1702,F,,,,3A,,,,,,,,,,,,,,,,,
3A-23-F5,1729,,,1729,F,,,,3A,,,,,,,,,,,,,,,,,
3A-23-F6,1709,,,1709,F,,,,3A,,,,,,,,,,,,,,,,,
3A-23-F7,1076,,,1076,F,,,,3A,,,,,,,,,,,,,,,,,
3A-23-F8,950,1706,,950 / 1706,F,,,,3A,,,,,,,,,,,,,,,,,
3A-23-F9,1711,,,1711,F,,,,3A,,,,,,,,,,,,,,,,,
3A-23-F10,1712,,,1712,F,,,,3A,,,,,,,,,,,,,,,,,
3A-23-F11,1077,,,1077,F,,,,3A,,,,,,,,,,,,,,,,,
3A-23-F12,1080,,,1080,F,,,,3A,,,,,,,,,,,,,,,,,
3A-23-F13,1715,,,1715,F,,,,3A,,,,,,,,,,,,,,,,,
3A-23-F14,1082,,,1082,F,,,,3A,,,,,,,,,,,,,,,,,
3A-23-F15,1083,,,1083,F,,,,3A,3A,,,,,,,,,,,,,,,,
3A-23-F16,1740,,,1740,F,,,,3A,3A,,,,,,,,,,,,,,,,
3A-23-F17,1741,,,1741,F,,,,3A,,3A,,3A,,,,,,,,,,,,,
3A-23-F18,874,,,,F,,,,,3A,,,,,,,,,,,,,,,,
3A-23-F19,1252,,,,F,,,,,3A,,,,,,,,,,,,,,,,
3A-23-M1,500,,,500,M,,,,3A,3A,,,,,,,,,,,,,,,,
3A-23-M2,1007,,,1007,M,,,,3A,,3A,,,,,,,,,,,,,,,
3A-23-M3,1726,,,1726,M,,,,3A,,3A,,,,,,,,,,,,,,,
3A-23-M4,1008,,,1008,M,,,,3A,,,,,,,,,,,,,,,,,
3A-23-M5,1701,,,1701,M,,,,3A,3A,,,,,,,,,,,,,,,,
3A-23-M6,1009,,,1009,M,,,,3A,,3A,,,,,,,,,,,,,,,
3A-23-M7,1727,,,1727,M,,,,3A,,,,,,,,,,,,,,,,,
3A-23-M8,1012,,,1012,M,,,,3A,,3A,,,,,,,,,,,,,,,
3A-23-M9,1728,,,1728,M,,,,3A,,3A,,3A,,,,,,,,,,,,,
3A-23-M10,1703,,,1703,M,,,,3A,,,,,,,,,,,,,,,,,
3A-23-M11,1013,,,1013,M,,,,3A,,,,,,,,,,,,,,,,,
3A-23-M12,1704,,,1704,M,,,,3A,,,,,,,,,,,,,,,,,
3A-23-M13,1730,,,1730,M,,,,3A,3A,,,,,,,,,,,,,,,,
3A-23-M14,1713,,,1713,M,,,,3A,,,,,,,,,,,,,,,,,
3A-23-M15,1714,,,1714,M,,,,3A,,,,,,,,,,,,,,,,,
3A-23-M16,1079,,,1079,M,,,,3A,,,,,,,,,,,,,,,,,
3A-23-M17,1716,,,1716,M,,,,3A,,,,,,,,,,,,,,,,,
3A-23-M18,1081,,,1081,M,,,,3A,,,,,,,,,,,,,,,,,
3A-23-M19,875,,,,M,,,,,3A,,,,,,,,,,,,,,,,
3A-23-M20,528,,,,M,,,,,3A,,,,,,,,,,,,,,,,
3A-24-F1,1217,,,1217,F,,,,,,3A,,,,,,,,,,,,,,,
3A-24-F2,1218,,,1218,F,,,,,,3A,,,,,,,,,,,,,,,
3A-24-F3,1268,,,1268,F,,,,,,3A,3A,,,,,,,,,,,,,,
3A-24-F4,1219,,,1219,F,,,,,,3A,,,,,,,,,,,,,,,
3A-24-F5,1269,,,1269,F,,,,,,3A,,,,,,,,,,,,,,,
3A-24-F6,3A-Black Left,,,3A-Black Left,F,,,,,,3A,,,,,,,,,,,,,,,
3A-24-F7,1633,,,,F,,,,,,,3A,,,,,,,,,,,,,,
3A-24-F8,1650,,,,F,,,,,,,3A,,,,,,,,,,,,,,
3A-24-F9,1620,,,1620,F,,,,,,,3A,3A,,,,,,,,,,,,,
3A-24-M1,1267,,,1267,M,,,,,,3A,,,,,,,,,,,,,,,
3A-24-M2,1220,,,1220,M,,,,,,3A,,,,,,,,,,,,,,,
3A-24-M3,3A-Red Right,,,3A-Red Right,M,,,,,,3A,,,,,,,,,,,,,,,
3A-24-M7,3A-24-M7,,,3A-24-M7,M,,,,,,3A,,,,,,,,,,,,,,,
3A-24-M8,1221,,,1221,M,,,,,,3A,,,,,,,,,,,,,,,
3A-24-M9,1222,,,1222,M,,,,,,3A,,,,,,,,,,,,,,,
3A-24-M10,1634,,,,M,,,,,,,3A,,,,,,,,,,,,,,
3A-24-U1,3A-Red Left,,,3A-Red Left,U,,,,,,3A,,,,,,,,,,,,,,,
3A-24-U3,1280,,,1280,U,,,,,,3A,,,,,,,,,,,,,,,
3A-25-F1,1401,,,1401,F,,,,,,,,3A,,,,,,,,,,,,,
3A-25-F2,619,,,619,F,,,,,,,,3A,,,,,,,,,,,,,
3A-25-M1,1402,,,1402,M,,,,,,,,3A,,,,,,,,,,,,,
3A-25-M2,1403,,,1403,M,,,,,,,,3A,,,,,,,,,,,,,
3A-25-M3,617,,,617,M,,,,,,,,3A,,,,,,,,,,,,,
3A-25-M4,618,,,618,M,,,,,,,,3A,,,,,,,,,,,,,
3B-22-F1,395,299,,395 / 299,F,3B,,,3B,,,,,,,,,,,,,,,,,
3B-22-F2,396,,,396,F,3B,,3B,3B,,,,,,,,,,,,,,,,,
3B-22-F3,433,,,,F,3B,,,,,,,,,,,,,,,,,,,,
3B-22-F4,434,,,434,F,3B,3B,3B,,,,,,,,,,,,,,,,,,
3B-22-F5,435,,,435,F,3B,3B,,,,,,,,,,,,,,,,,,,
3B-22-F6,399,1063,,399 / 1063,F,3B,,,3B,3B,3B,,,,,,,,,,,,,,,
3B-22-F7,1578,,,,F,3B,,,,,,,,,,,,,,,,,,,,
3B-22-F8,437,,,,F,3B,,,,,,,,,,,,,,,,,,,,
3B-22-F9,440,,,440,F,3B,3B,,,,,,,,,,,,,,,,,,,
3B-22-F10,1582,,,1582,F,,3B,,,,,,,,,,,,,,,,,,,
3B-22-F11,1583,,,1583,F,,3B,,,,,,,,,,,,,,,,,,,
3B-22-F12,1584,,,1584,F,,3B,,,,,,,,,,,,,,,,,,,
3B-22-F13,443,,,443,F,,3B,,,,,,,,,,,,,,,,,,,
3B-22-F14,447,,,447,F,,3B,,3B,,,,,,,,,,,,,,,,,
3B-22-F15,408,,,408,F,,3B,,,,,,,,,,,,,,,,,,,
3B-22-F16,414,,,414,F,,3B,,,,,,,,,,,,,,,,,,,
3B-22-F17,415,,,415,F,,3B,,3B,,,,,,,,,,,,,,,,,
3B-22-M1,392,,,,M,3B,,,,,,,,,,,,,,,,,,,,
3B-22-M2,393,,,393,M,3B,3B,3B,3B,,,,,,,,,,,,,,,,,
3B-22-M3,394,,,,M,3B,,,,,,,,,,,,,,,,,,,,
3B-22-M4,397,,,,M,3B,,,,,,,,,,,,,,,,,,,,
3B-22-M5,1579,,,1579,M,3B,,,3B,,,,,,,,,,,,,,,,,
3B-22-M6,438,,,,M,3B,,,,,,,,,,,,,,,,,,,,
3B-22-M7,439,,,,M,3B,,3B,,,,,,,,,,,,,,,,,,
3B-22-M8,404,,,404,M,,3B,,,,,,,,,,,,,,,,,,,
3B-22-M9,444,,,444,M,,3B,,,,,,,,,,,,,,,,,,,
3B-22-M10,446,,,446,M,,3B,3B,3B,,,,,,,,,,,,,,,,,
3B-22-M11,1585,,,1585,M,,3B,,,,,,,,,,,,,,,,,,,
3B-22-M12,405,,,405,M,,3B,,3B,,3B,,,,,,,,,,,,,,,
3B-22-M13,406,,,406,M,,3B,,,,,,,,,,,,,,,,,,,
3B-22-M14,407,,,407,M,,3B,,,,,,,,,,,,,,,,,,,
3B-22-M15,344,,,344,M,,3B,,,,,,,,,,,,,,,,,,,
3B-22-M16,410,,,410,M,,3B,,3A,,,,,Trapped in 3A MR23,,,,,,,,,,,,
3B-22-M17,409,,,409,M,,3B,,,,,,,,,,,,,,,,,,,
3B-22-M18,411,,,411,M,,3B,,,,,,,,,,,,,,,,,,,
3B-22-M19,412,,,412,M,,3B,,,,,,,,,,,,,,,,,,,
3B-22-M20,413,,,413,M,,3B,,3B,,,,,,,,,,,,,,,,,
3B-22-M21,923,,,,M,,,3B,,,,,,,,,,,,,,,,,,
3B-22-M22,976,,,976,M,,,3B,3B,3B,,,,,,,,,,,,,,,,
3B-23-F1,1732,,,1732,F,,,,3B,3B,,,,,,,,,,,,,,,,
3B-23-F2,1016,,,1016,F,,,,3B,,,,,,,,,,,,,,,,,
3B-23-F3,1735,,,1735,F,,,,3B,,,,,,,,,,,,,,,,,
3B-23-F4,1017,,,1017,F,,,,3B,,,,,,,,,,,,,,,,,
3B-23-F5,1019,,,1019,F,,,,3B,,,,,,,,,,,,,,,,,
3B-23-F6,1738,,,1738,F,,,,3B,3B,,,,,,,,,,,,,,,,
3B-23-F7,1739,,,1739,F,,,,3B,,3B,3B,,,,,,,,,,,,,,
3B-23-F8,1022,,,1022,F,,,,3B,,,,,,,,,,,,,,,,,
3B-23-F9,1024,,,1024,F,,,,3B,,,,,,,,,,,,,,,,,
3B-23-F10,3B-Blue 2,,,3B-Blue 2,F,,,,3B,,,,,,,,,,,,,,,,,
3B-23-F11,1025,,,1025,F,,,,3B,,,,,,,,,,,,,,,,,
3B-23-M1,1731,,,1731,M,,,,3B,,,,,,,,,,,,,,,,,
3B-23-M2,1014,,,1014,M,,,,3B,,,,,,,,,,,,,,,,,
3B-23-M3,1733,,,1733,M,,,,3B,,,,,Recap with missing ear tag. ,,,,,,,,,,,,
3B-23-M4,1734,,,1734,M,,,,3B,3A,,,,Spot trapped in 3A,,,,,,,,,,,,
3B-23-M5,1015,,,1015,M,,,,3B,,,,,,,,,,,,,,,,,
3B-23-M6,1736,,,1736,M,,,,3B,,,,,,,,,,,,,,,,,
3B-23-M7,1018,,,1018,M,,,,3B,,,,,,,,,,,,,,,,,
3B-23-M8,1737,,,1737,M,,,,3B,3B,,,,,,,,,,,,,,,,
3B-23-M9,1020,1436,,1020 / 1436,M,,,,3B,3B,3B,,3B,,,,,,,,,,,,,
3B-23-M10,1021,,,1021,M,,,,3B,,,,,,,,,,,,,,,,,
3B-23-M11,1023,,,1023,M,,,,3B,,,,,,,,,,,,,,,,,
3B-23-M12,1717,,,1717,M,,,,3B,,3B,,,,,,,,,,,,,,,
3B-23-M13,857,,,,M,,,,,3B,,,,,,,,,,,,,,,,
3B-23-U1,3B-Blue 1,,,3B-Blue 1,U,,,,3B,,,,,,,,,,,,,,,,,
3B-23-U2,3B-Blue 3,,,3B-Blue 3,U,,,,3B,,,,,,,,,,,,,,,,,
3B-24-F1,1212,,,1212,F,,,,,,3B,,,,,,,,,,,,,,,
3B-24-F2,1215,,,1215,F,,,,,,3B,,,,,,,,,,,,,,,
3B-24-F3,1213,,,1213,F,,,,,,3B,3B,,,,,,,,,,,,,,
3B-24-F4,1755,,,1755,F,,,,,,3B,,,,,,,,,,,,,,,
3B-24-F5,3B-Black A,,,,F,,,,,,,3B,,,,,,,,,,,,,,
3B-24-F6,3B-Black B,,,,F,,,,,,,3B,,,,,,,,,,,,,,
3B-24-F7,1616,,,,F,,,,,,,3B,,,,,,,,,,,,,,
3B-24-F8,1618,,,1618,F,,,,,,,3B,3B,,,,,,,,,,,,,
3B-24-M1,1265,1274,,1265 / 1274,M,,,,,,3B,,,,,,,,,,,,,,,
3B-24-M2,872,,,872,M,,,,,,3B,,,,,,,,,,,,,,,
3B-24-M3,859,,,859,M,,,,,,3B,,,,,,,,,,,,,,,
3B-24-M4,1216,,,1216,M,,,,,,3B,,,,,,,,,,,,,,,
3B-24-M5,1266,1413,,1266 / 1413,M,,,,,,3B,3B,3B,,,,,,,,,,,,,
3B-24-M6,1214,,,1214,M,,,,,,3B,,,,,,,,,,,,,,,
3B-24-M7,847,,,847,M,,,,,,3B,,,,,,,,,,,,,,,
3B-24-M8,1751,,,1751,M,,,,,,3B,,,,,,,,,,,,,,,
3B-24-M9,1752,,,1752,M,,,,,,3B,,,,,,,,,,,,,,,
3B-24-M10,1753,,,1753,M,,,,,,3B,3B,,,,,,,,,,,,,,
3B-24-M11,1754,,,1754,M,,,,,,3B,3A/3B,,Spot trapped in 3A,,,,,,,,,,,,
3B-24-M12,1276,,,1276,M,,,,,,3B,,,,,,,,,,,,,,,
3B-24-M13,1277,,,1277,M,,,,,,3B,,,,,,,,,,,,,,,
3B-24-M14,1278,,,1278,M,,,,,,3B,,,,,,,,,,,,,,,
3B-24-M15,3B-24-M15,,,3B-24-M15,M,,,,,,3B,,,,,,,,,,,,,,,
3B-24-M16,1756,,,1756,M,,,,,,3B,,,,,,,,,,,,,,,
3B-24-M17,1757,,,1757,M,,,,,,3B,,,,,,,,,,,,,,,
3B-24-M18,1758,,,1758,M,,,,,,3B,,,,,,,,,,,,,,,
3B-24-M19,1279,,,1279,M,,,,,,3B,,,,,,,,,,,,,,,
3B-24-M20,1281,,,1281,M,,,,,,3B,3B,,,,,,,,,,,,,,
3B-24-M21,1617,,,,M,,,,,,,3B,,,,,,,,,,,,,,
3B-24-M22,1619,1440,,1619 / 1440,M,,,,,,,3B,3B,,,,,,,,,,,,,
3B-25-F1,1431,,,1431,F,,,,,,,,3B,,,,,,,,,,,,,
3B-25-F2,1432,,,1432,F,,,,,,,,3B,,,,,,,,,,,,,
3B-25-F3,1439,,,1439,F,,,,,,,,3B,,,,,,,,,,,,,
3B-25-M1,1404,,,1404,M,,,,,,,,3B,,,,,,,,,,,,,
3B-25-M2,1405,,,1405,M,,,,,,,,3B,,,,,,,,,,,,,
3B-25-M3,1433,,,1433,M,,,,,,,,3B,,,,,,,,,,,,,
3B-25-M4,1407,,,1407,M,,,,,,,,3B,,,,,,,,,,,,,
3B-25-M5,1408,,,1408,M,,,,,,,,3B,,,,,,,,,,,,,
3B-25-M6,1409,,,1409,M,,,,,,,,3B,,,,,,,,,,,,,
3B-25-M7,1410,,,1410,M,,,,,,,,3B/3C,Dispersed to 3C,,,,,,,,,,,,
3B-25-M8,1434,,,1434,M,,,,,,,,3B,,,,,,,,,,,,,
3B-25-M9,1411,,,1411,M,,,,,,,,3B,,,,,,,,,,,,,
3B-25-M10,1435,,,1435,M,,,,,,,,3B,,,,,,,,,,,,,
3B-25-M11,1412,,,1412,M,,,,,,,,3B,,,,,,,,,,,,,
3B-25-M12,1437,,,1437,M,,,,,,,,3B,,,,,,,,,,,,,
3B-25-M13,1438,,,1438,M,,,,,,,,3B,,,,,,,,,,,,,
3B-25-M15,620,,,620,M,,,,,,,,3B,,,,,,,,,,,,,
3B-25-U1,3B-25-U1,,,3B-25-U1,U,,,,,,,,3B,,,,,,,,,,,,,
3C-22-F1,1866,,,1866,F,3C,,,,,,,,,,,,,,,,,,,,
3C-22-F2,1867,,,1867,F,3C,,,,,,,,,,,,,,,,,,,,
3C-22-F3,91,,,91,F,3C,,,,,,,,,,,,,,,,,,,,
3C-22-F4,92,,,92,F,3C,,,,,,,,,,,,,,,,,,,,
3C-22-F5,1577,,,1577,F,3C,,,,,,,,,,,,,,,,,,,,
3C-22-F6,289,,,289,F,3C,,,3C,3C,,,,,,,,,,,,,,,,
3C-22-F7,294,,,294,F,3C,,,,,,,,,,,,,,,,,,,,
3C-22-F8,296,,,296,F,3C,,,,,,,,,,,,,,,,,,,,
3C-22-F9,388,,,388,F,3C,,,,,,,,,,,,,,,,,,,,
3C-22-F10,944,,,,F,,,3C,,,,,,,,,,,,,,,,,,
3C-22-F11,924,,,,F,,,3C,,,,,,,,,,,,,,,,,,
3C-22-F12,977,,,,F,,,3C,,,,,,,,,,,,,,,,,,
3C-22-M1,1893,,,1893,M,3C,,,,,,,,,,,,,,,,,,,,
3C-22-M2,1843,,,1843,M,3C,,,,,,,,,,,,,,,,,,,,
3C-22-M3,1844,,,1844,M,3C,,,,,,,,,,,,,,,,,,,,
3C-22-M4,1824,,,1824,M,3C,,,,,,,,,,,,,,,,,,,,
3C-22-M5,1868,,,1868,M,3C,,,,,,,,,,,,,,,,,,,,
3C-22-M6,428,,,428,M,3C,,,,,,,,,,,,,,,,,,,,
3C-22-M7,429,1604,,429 / 1604,M,3C,,3C,,,3C,,3C,,,,,,,,,,,,,
3C-22-M8,290,,,290,M,3C,,,,,,,,,,,,,,,,,,,,
3C-22-M9,291,,,291,M,3C,,,,,,,,,,,,,,,,,,,,
3C-22-M10,1873,,,1873,M,3C,,,,,,,,,,,,,,,,,,,,
3C-22-M11,1874,,,1874,M,3C,,,,,,,,,,,,,,,,,,,,
3C-22-M12,297,,,297,M,3C,,,,,,,,,,,,,,,,,,,,
3C-22-M13,401,,,401,M,3C,,,,,,,,,,,,,,,,,,,,
3C-22-M14,955,,,,M,,,3C,,,,,,,,,,,,,,,,,,
3C-22-M15,1900,,,,M,,,3C,,,,,,,,,,,,,,,,,,
3C-22-M16,445,,,445,M,,,3C,3C,3C,,,,,,,,,,,,,,,,
3C-22-M17,945,,,,M,,,3C,,,,,,,,,,,,,,,,,,
3C-23-F1,830,,,830,F,,,,3C,,,,,,,,,,,,,,,,,
3C-23-F2,806,3C-Black X,,806 / 3C-Black X,F,,,,3C,,,,,,,,,,,,,,,,,
3C-23-F3,833,,,833,F,,,,3C,,3C,,,,,,,,,,,,,,,
3C-23-F4,529,,,529,F,,,,3C,3C,,,,,,,,,,,,,,,,
3C-23-F5,808,,,808,F,,,,3C,,,,,,,,,,,,,,,,,
3C-23-F6,810,,,810,F,,,,3C,,,,,,,,,,,,,,,,,
3C-23-F7,531,,,531,F,,,,3C,,,,,,,,,,,,,,,,,
3C-23-F8,809,,,809,F,,,,3C,,,,,,,,,,,,,,,,,
3C-23-F9,1067,,,1067,F,,,,3C,3C,,,,,,,,,,,,,,,,
3C-23-M1,805,,,805,M,,,,3C,,,,,,,,,,,,,,,,,
3C-23-M2,831,,,831,M,,,,3C,,,,,,,,,,,,,,,,,
3C-23-M2,831,,,831,M,,,,3C,,,,,,,,,,,,,,,,,
3C-23-M3,807,,,807,M,,,,3C,,,,,,,,,,,,,,,,,
3C-23-M4,832,,,832,M,,,,3C,3C,,,,,,,,,,,,,,,,
3C-23-M5,576,,,576,M,,,,3C,,,,,,,,,,,,,,,,,
3C-23-M6,510,,,,M,,,,,3C,,,,,,,,,,,,,,,,
3C-23-M7,511,,,,M,,,,,3C,,,,,,,,,,,,,,,,
3C-23-M8,513,,,,M,,,,,3C,,,,,,,,,,,,,,,,
3C-23-M9,1251,,,,M,,,,,3C,,,,,,,,,,,,,,,,
3C-24-F1,1627,,,1627,F,,,,,,3C,,3C,,,,,,,,,,,,,
3C-24-F2,1629,,,1629,F,,,,,,3C,,,,,,,,,,,,,,,
3C-24-F3,1630,,,1630,F,,,,,,3C,,3C,,,,,,,,,,,,,
3C-24-F4,1603,,,1603,F,,,,,,3C,3C,,,,,,,,,,,,,,
3C-24-F5,1605,,,1605,F,,,,,,3C,,,,,,,,,,,,,,,
3C-24-F6,1631,,,1631,F,,,,,,3C,,,,,,,,,,,,,,,
3C-24-M1,1626,,,1626,M,,,,,,3C,,,,,,,,,,,,,,,
3C-24-M2,1628,,,1628,M,,,,,,3C,,,,,,,,,,,,,,,
3C-24-M3,1635,,,,M,,,,,,,3C,,,,,,,,,,,,,,
3C-25-F1,630,,,630,F,,,,,,,,3C,,,,,,,,,,,,,
3C-25-F2,631,,,631,F,,,,,,,,3C,,,,,,,,,,,,,
3C-25-F3,1953,,,1953,F,,,,,,,,3C,,,,,,,,,,,,,
3C-25-F4,633,,,633,F,,,,,,,,3C,,,,,,,,,,,,,
3C-25-M1,670,,,670,M,,,,,,,,3C,,,,,,,,,,,,,
3C-25-M2,671,,,671,M,,,,,,,,3C,,,,,,,,,,,,,
3C-25-M3,672,,,672,M,,,,,,,,3C,,,,,,,,,,,,,
3C-25-M4,673,,,673,M,,,,,,,,3C,,,,,,,,,,,,,
3C-25-M5,674,,,674,M,,,,,,,,3C,,,,,,,,,,,,,
3C-25-M6,675,,,675,M,,,,,,,,3C,,,,,,,,,,,,,
3C-25-M7,1951,,,1951,M,,,,,,,,3C,,,,,,,,,,,,,
3C-25-M8,1952,,,1952,M,,,,,,,,3C,,,,,,,,,,,,,
3C-25-M9,1930,,,1930,M,,,,,,,,3C,,,,,,,,,,,,,
3C-25-M10,1931,,,1931,M,,,,,,,,3C,,,,,,,,,,,,,
3C-25-M11,1932,,,1932,M,,,,,,,,3C,,,,,,,,,,,,,
1A-22-F1,418,,,418,F,,1A,,,,,,,,,,,,,,,,,,,
1A-22-F2,420,,,420,F,,1A,1A,1A,1A,,,,,,,,,,,,,,,,
1A-22-F3,421,,,421,F,,1A,,,,,,,,,,,,,,,,,,,
1A-22-F4,424,,,424,F,,1A,,,,,,,,,,,,,,,,,,,
1A-22-F5,727,,,727,F,,1A,,,,,,,,,,,,,,,,,,,
1A-22-F6,728,,,728,F,,1A,,,,,,,,,,,,,,,,,,,
1A-22-F7,729,,,729,F,,1A,,,,,,,,,,,,,,,,,,,
1A-22-F8,731,,,731,F,,1A,,,,,,,,,,,,,,,,,,,
1A-22-F9,732,,,732,F,,1A,,,,,,,,,,,,,,,,,,,
1A-22-F10,733,,,733,F,,1A,,,,,,,,,,,,,,,,,,,
1A-22-F11,736,,,736,F,,1A,,1A,,,,,,,,,,,,,,,,,
1A-22-F12,751,,,751,F,,1A,,,,,,,,,,,,,,,,,,,
1A-22-F13,754,,,754,F,,1A,,,,,,,,,,,,,,,,,,,
1A-22-F14,737,,,737,F,,1A,,,,,,,,,,,,,,,,,,,
1A-22-M1,416,,,416,M,,1A,,,,,,,,,,,,,,,,,,,
1A-22-M2,417,,,417,M,,1A,,,,,,,,,,,,,,,,,,,
1A-22-M3,419,,,419,M,,1A,,,,,,,,,,,,,,,,,,,
1A-22-M4,422,,,422,M,,1A,,,,,,,,,,,,,,,,,,,
1A-22-M5,423,,,423,M,,1A,,,,,,,,,,,,,,,,,,,
1A-22-M6,425,,,425,M,,1A,,,,,,,,,,,,,,,,,,,
1A-22-M7,750,,,750,M,,1A,,,,,,,,,,,,,,,,,,,
1A-22-M8,726,,,726,M,,1A,,,,,,,,,,,,,,,,,,,
1A-22-M9,730,,,730,M,,1A,,,,,,,,,,,,,,,,,,,
1A-22-M10,734,,,734,M,,1A,,,,,,,,,,,,,,,,,,,
1A-22-M11,735,,,735,M,,1A,,,,,,,,,,,,,,,,,,,
1A-22-M12,752,,,752,M,,1A,,1A,,,,,,,,,,,,,,,,,
1A-22-M13,753,,,753,M,,1A,,1A,,,,,,,,,,,,,,,,,
1A-22-M14,755,,,755,M,,1A,,,,,,,,,,,,,,,,,,,
1A-22-M15,989,,,989,M,,,1A,1A,1A,,,,,,,,,,,,,,,,
1A-22-U1,990,,,990,U,,,1A,1A,,1A,,,,,,,,,,,,,,,
1A-23-F1,1742,,,1742,F,,,,1A,1A,,,,,,,,,,,,,,,,
1A-23-F2,1026,,,1026,F,,,,1A,,,,,,,,,,,,,,,,,
1A-23-F3,1718,,,1718,F,,,,1A,,,,,,,,,,,,,,,,,
1A-23-F4,1743,,,1743,F,,,,1A,,,,,,,,,,,,,,,,,
1A-23-F5,1720,,,1720,F,,,,1A,,,,,,,,,,,,,,,,,
1A-23-F6,1086,,,1086,F,,,,1A,,,,,,,,,,,,,,,,,
1A-23-F7,1028,,,1028,F,,,,1A,,1C,,1C,Moved to 1C,,,,,,,,,,,,
1A-23-F8,1746,,,1746,F,,,,1A,,,,,,,,,,,,,,,,,
1A-23-F9,1087,,,1087,F,,,,1A,,,,,,,,,,,,,,,,,
1A-23-F10,1029,,,1029,F,,,,1A,,,,,,,,,,,,,,,,,
1A-23-F11,1722,,,1722,F,,,,1A,,,,,,,,,,,,,,,,,
1A-23-F12,1A-1,,,1A-1,F,,,,1A,,,,,,,,,,,,,,,,,
1A-23-F13,1A-2,,,1A-2,F,,,,1A,,,,,,,,,,,,,,,,,
1A-23-F14,1094,,,1094,F,,,,1A,,,,,,,,,,,,,,,,,
1A-23-F15,1032,,,1032,F,,,,1A,,,,,,,,,,,,,,,,,
1A-23-F16,1033,,,1033,F,,,,1A,,1B,,,Moved to 1B,,,,,,,,,,,,
1A-23-F17,553,,,553,F,,,,1A,,,,,,,,,,,,,,,,,
1A-23-F18,555,,,555,F,,,,1A,1A,,,1C,Moved to 1C,,,,,,,,,,,,
1A-23-F19,1038,,,1038,F,,,,1A,,,,1A,,,,,,,,,,,,,
1A-23-F20,562,,,562,F,,,,1A,,,,,,,,,,,,,,,,,
1A-23-M1,1084,,,1084,M,,,,1A,,1A,,,,,,,,,,,,,,,
1A-23-M2,1027,,,1027,M,,,,1A,,1A,1B,,Spot trapped at 1B,,,,,,,,,,,,
1A-23-M3,1719,1201,,1719 / 1201,M,,,,1A,,1A,,,,,,,,,,,,,,,
1A-23-M4,1085,,,1085,M,,,,1A,,,,,,,,,,,,,,,,,
1A-23-M5,1744,,,1744,M,,,,1A,,,,,,,,,,,,,,,,,
1A-23-M6,1745,,,1745,M,,,,1A,,,,,,,,,,,,,,,,,
1A-23-M6,1745,,,1745,M,,,,1A,,,,,,,,,,,,,,,,,
1A-23-M7,1747,,,1747,M,,,,1A,,,,,,,,,,,,,,,,,
1A-23-M8,1748,,,1748,M,,,,1A,,,,,,,,,,,,,,,,,
1A-23-M9,1749,,,1749,M,,,,1A,,,,,,,,,,,,,,,,,
1A-23-M10,1750,,,1750,M,,,,1A,,,,,,,,,,,,,,,,,
1A-23-M11,1030,,,1030,M,,,,1A,,1A,,,,,,,,,,,,,,,
1A-23-M12,1088,,,1088,M,,,,1A,,,,,,,,,,,,,,,,,
1A-23-M13,1721,,,1721,M,,,,1A,,,,,,,,,,,,,,,,,
1A-23-M14,551,,,551,M,,,,1A,,,,,,,,,,,,,,,,,
1A-23-M15,1089,,,1089,M,,,,1A,,,,,,,,,,,,,,,,,
1A-23-M16,1090,,,1090,M,,,,1A,,,,,,,,,,,,,,,,,
1A-23-M17,1031,,,1031,M,,,,1A,,,,,,,,,,,,,,,,,
1A-23-M18,1A-3,,,1A-3,M,,,,1A,,,,,,,,,,,,,,,,,
1A-23-M19,1A-4,,,1A-4,M,,,,1A,,,,,,,,,,,,,,,,,
1A-23-M20,581,,,581,M,,,,1A,,,,,,,,,,,,,,,,,
1A-23-M21,552,,,552,M,,,,1A,1A,,,,,,,,,,,,,,,,
1A-23-M22,554,,,554,M,,,,1A,,,,,,,,,,,,,,,,,
1A-23-M23,1A-5,,,1A-5,M,,,,1A,,,,,,,,,,,,,,,,,
1A-23-M24,1036,,,1036,M,,,,1A,,,,,,,,,,,,,,,,,
1A-23-M25,1037,,,1037,M,,,,1A,,,,,,,,,,,,,,,,,
1A-23-M26,561,,,561,M,,,,1A,,,,,,,,,,,,,,,,,
1A-23-M27,563,,,563,M,,,,1A,,,,,,,,,,,,,,,,,
1A-23-M28,564,,,564,M,,,,1A,,,,,,,,,,,,,,,,,
1A-24-F1,1223,,,1223,F,,,,,,1A,,,,,,,,,,,,,,,
1A-24-F2,1224,,,1224,F,,,,,,1A,,,,,,,,,,,,,,,
1A-24-F3,1759,,,1759,F,,,,,,1A,1A,1A,,,,,,,,,,,,,
1A-24-F4,1225,,,1225,F,,,,,,1A,,,,,,,,,,,,,,,
1A-24-F5,1776,,,1776,F,,,,,,1A,,,,,,,,,,,,,,,
1A-24-F6,1777,,,1777,F,,,,,,1A,,1A,,,,,,,,,,,,,
1A-24-F7,1762,,,1762,F,,,,,,1A,,,,,,,,,,,,,,,
1A-24-F8,1779,,,1779,F,,,,,,1A,,,,,,,,,,,,,,,
1A-24-F9,1764,,,1764,F,,,,,,1A,,,,,,,,,,,,,,,
1A-24-F10,1765,,,1765,F,,,,,,1A,,,,,,,,,,,,,,,
1A-24-F11,1780,,,1780,F,,,,,,1A,,,,,,,,,,,,,,,
1A-24-F12,1781,,,1781,F,,,,,,1A,,,,,,,,,,,,,,,
1A-24-F13,1782,,,1782,F,,,,,,1A,,,,,,,,,,,,,,,
1A-24-F14,1646,,,,F,,,,,,,1A,,,,,,,,,,,,,,
1A-24-F15,1612,,,1612,F,,,,,,,1A,1A,,,,,,,,,,,,,
1A-24-M1,1760,,,1760,M,,,,,,1A,,,,,,,,,,,,,,,
1A-24-M2,1778,,,1778,M,,,,,,1A,,,,,,,,,,,,,,,
1A-24-M3,1761,,,1761,M,,,,,,1A,,,,,,,,,,,,,,,
1A-24-M4,1763,,,1763,M,,,,,,1A,,,,,,,,,,,,,,,
1A-24-M5,1766,,,1766,M,,,,,,1A,,,,,,,,,,,,,,,
1A-24-M6,1767,,,1767,M,,,,,,1A,,,,,,,,,,,,,,,
1A-24-M7,1640,,,1640,M,,,,,,,1A,1A,,,,,,,,,,,,,
1A-24-U1,1A-24-U1,,,1A-24-U1,U,,,,,,1A,,,,,,,,,,,,,,,
1A-25-F1,1441,,,1441,F,,,,,,,,1A,,,,,,,,,,,,,
1A-25-F2,622,,,622,F,,,,,,,,1A,,,,,,,,,,,,,
1A-25-F3,1444,,,1444,F,,,,,,,,1A,,,,,,,,,,,,,
1A-25-F4,623,,,623,F,,,,,,,,1A,,,,,,,,,,,,,
1A-25-F5,1445,,,1445,F,,,,,,,,1A,,,,,,,,,,,,,
1A-25-F6,1447,,,1447,F,,,,,,,,1A,,,,,,,,,,,,,
1A-25-F7,1449,,,1449,F,,,,,,,,1A,,,,,,,,,,,,,
1A-25-F8,624,,,624,F,,,,,,,,1A,,,,,,,,,,,,,
1A-25-F9,679,,,679,F,,,,,,,,1A,,,,,,,,,,,,,
1A-25-F10,680,,,680,F,,,,,,,,1A,,,,,,,,,,,,,
1A-25-F11,658,,,658,F,,,,,,,,1A,,,,,,,,,,,,,
1A-25-F12,626,,,626,F,,,,,,,,1A,,,,,,,,,,,,,
1A-25-F13,1414,,,1414,F,,,,,,,,1A,,,,,,,,,,,,,
1A-25-M1,621,,,621,M,,,,,,,,1A,,,,,,,,,,,,,
1A-25-M2,1443,,,1443,M,,,,,,,,1A,,,,,,,,,,,,,
1A-25-M3,625,,,625,M,,,,,,,,1A,,,,,,,,,,,,,
1A-25-M4,676,,,676,M,,,,,,,,1A,,,,,,,,,,,,,
1A-25-M5,657,,,657,M,,,,,,,,1A,,,,,,,,,,,,,
1A-25-M6,681,,,681,M,,,,,,,,1A,,,,,,,,,,,,,
1A-25-M7,682,,,682,M,,,,,,,,1A,,,,,,,,,,,,,
1A-25-M8,659,,,659,M,,,,,,,,1A,,,,,,,,,,,,,
1A-25-M9,660,,,660,M,,,,,,,,1A,,,,,,,,,,,,,
1A-25-M10,685,,,685,M,,,,,,,,1A,,,,,,,,,,,,,
1B-22-F1,715,,,715,F,,1B,,,,,,,,,,,,,,,,,,,
1B-22-F2,767,,,767,F,,1B,,,,,,,,,,,,,,,,,,,
1B-22-F3,768,,,768,F,,1B,,,,,,,,,,,,,,,,,,,
1B-22-F4,719,,,719,F,,1B,,,,,,,,,,,,,,,,,,,
1B-22-F5,722,,,722,F,,1B,,1B,,,,,,,,,,,,,,,,,
1B-22-F6,746,,,746,F,,1B,,,,,,,,,,,,,,,,,,,
1B-22-F7,747,,,747,F,,1B,,,,,,,,,,,,,,,,,,,
1B-22-F8,773,,,773,F,,1B,,,,,,,Originally given 1B-22-M10 by mistake,,,,,,,,,,,,
1B-22-F9,1587,,,1587,F,,1B,,1B,,,,1B,Wrong sex! (caught again 09-23-2025) - originally assigned 1B-22-M12,,,,,,,,,,,,
1B-22-M1,716,,,716,M,,1B,,,,,,,,,,,,,,,,,,,
1B-22-M2,766,,,766,M,,1B,,,,,,,,,,,,,,,,,,,
1B-22-M3,717,,,717,M,,1B,,,,,,,,,,,,,,,,,,,
1B-22-M4,769,,,769,M,,1B,,,,,,,,,,,,,,,,,,,
1B-22-M5,718,,,718,M,,1B,,,,,,,,,,,,,,,,,,,
1B-22-M6,770,,,770,M,,1B,,,,,,,,,,,,,,,,,,,
1B-22-M7,720,1078,,720 / 1078,M,,1B,,1B,1B,,,,,,,,,,,,,,,,
1B-22-M8,739,,,739,M,,1B,,,,,,,,,,,,,,,,,,,
1B-22-M9,1586,,,1586,M,,1B,,,,,,,,,,,,,,,,,,,
1B-22-M11,775,,,775,M,,1B,,,,,,,,,,,,,,,,,,,
1B-22-M13,721,,,721,M,,1B,,,,,,,,,,,,,,,,,,,
1B-22-M14,723,,,723,M,,1B,,1B,,,,,,,,,,,,,,,,,
1B-22-M15,1588,,,1588,M,,1B,,1B,,,,,,,,,,,,,,,,,
1B-22-M16,987,949,,987 / 949,M,,,1B,1B,,,,,,,,,,,,,,,,,
1B-22-M17,988,,,,M,,,1B,,,,,,,,,,,,,,,,,,
1B-22-M18,741,,,,M,,,1B,,,,,,,,,,,,,,,,,,
1B-23-F1,1096,,,1096,F,,,,1B,,,,,,,,,,,,,,,,,
1B-23-F2,1097,,,1097,F,,,,1B,,1B,1B,1B,,,,,,,,,,,,,
1B-23-F3,1034,,,1034,F,,,,1B,,,,,,,,,,,,,,,,,
1B-23-F4,1051,,,1051,F,,,,1B,,,,,,,,,,,,,,,,,
1B-23-F5,1039,,,1039,F,,,,1B,,,,,,,,,,,,,,,,,
1B-23-F6,1B-Black triangle,,,1B-Black triangle,F,,,,1B,,,,,,,,,,,,,,,,,
1B-23-F7,1040,865,,1040 / 865,F,,,,1B,1B,1B,,,,,,,,,,,,,,,
1B-23-F8,1041,,,1041,F,,,,1B,,,,,,,,,,,,,,,,,
1B-23-F9,1054,,,1054,F,,,,1B,,,,,,,,,,,,,,,,,
1B-23-F10,1055,,,1055,F,,,,1B,,,,,,,,,,,,,,,,,
1B-23-F11,519,,,519,F,,,,,1B,1B,,,,,,,,,,,,,,,
1B-23-F12,1035,1785,,1035 / 1785,F,,,,1B,,1B,,1B,,,,,,,,,,,,,
1B-23-M1,1095,,,1095,M,,,,1B,,,,,,,,,,,,,,,,,
1B-23-M2,1098,,,1098,M,,,,1B,,,,,,,,,,,,,,,,,
1B-23-M3,1B-Black X,,,1B-Black X,M,,,,1B,,,,,,,,,,,,,,,,,
1B-23-M4,1099,,,1099,M,,,,1B,,,,,,,,,,,,,,,,,
1B-23-M5,556,,,556,M,,,,1B,,,,,,,,,,,,,,,,,
1B-23-M6,1100,,,1100,M,,,,1B,,,,,,,,,,,,,,,,,
1B-23-M7,557,,,557,M,,,,1B,,,,,,,,,,,,,,,,,
1B-23-M8,1B-Black circle,,,1B-Black circle,M,,,,1B,,,,,,,,,,,,,,,,,
1B-23-M9,1052,,,1052,M,,,,1B,,,,,,,,,,,,,,,,,
1B-23-M10,1042,,,1042,M,,,,1B,,,,,,,,,,,,,,,,,
1B-23-M11,507,,,,M,,,,,1B,,,,,,,,,,,,,,,,
1B-24-F1,1299,,,1299,F,,,,,,1B,,,,,,,,,,,,,,,
1B-24-F2,1651,,,1651,F,,,,,,1B,,,,,,,,,,,,,,,
1B-24-F3,1786,,,1786,F,,,,,,1B,,,,,,,,,,,,,,,
1B-24-F4,1787,,,1787,F,,,,,,1B,,,,,,,,,,,,,,,
1B-24-F5,1788,,,1788,F,,,,,,1B,,,,,,,,,,,,,,,
1B-24-F6,1789,,,1789,F,,,,,,1B,1B,,,,,,,,,,,,,,
1B-24-F7,1790,,,1790,F,,,,,,1B,,,,,,,,,,,,,,,
1B-24-F8,1656,,,1656,F,,,,,,1B,,,,,,,,,,,,,,,
1B-24-F9,1658,,,1658,F,,,,,,1B,,,,,,,,,,,,,,,
1B-24-F10,1660,,,1660,F,,,,,,1B,,,,,,,,,,,,,,,
1B-24-F11,1663,,,1663,F,,,,,,1B,,,,,,,,,,,,,,,
1B-24-F12,1615,,,1615,F,,,,,,,1B,1B,,,,,,,,,,,,,
1B-24-M1,1783,,,1783,M,,,,,,1B,,,,,,,,,,,,,,,
1B-24-M2,1300,,,1300,M,,,,,,1B,,1C,Moved to 1C,,,,,,,,,,,,
1B-24-M3,1784,,,1784,M,,,,,,1B,,,,,,,,,,,,,,,
1B-24-M4,1652,,,1652,M,,,,,,1B,,,,,,,,,,,,,,,
1B-24-M5,1653,,,1653,M,,,,,,1B,,,,,,,,,,,,,,,
1B-24-M6,1654,,,1654,M,,,,,,1B,,,,,,,,,,,,,,,
1B-24-M7,1655,,,1655,M,,,,,,1B,,,,,,,,,,,,,,,
1B-24-M8,1657,,,1657,M,,,,,,1B,,,,,,,,,,,,,,,
1B-24-M9,1659,,,1659,M,,,,,,1B,,,,,,,,,,,,,,,
1B-24-M10,1661,,,1661,M,,,,,,1B,,,,,,,,,,,,,,,
1B-24-M11,1662,,,1662,M,,,,,,1B,,,,,,,,,,,,,,,
1B-24-M12,1664,,,1664,M,,,,,,1B,,,,,,,,,,,,,,,
1B-24-M13,1665,,,1665,M,,,,,,1B,,,,,,,,,,,,,,,
1B-24-M14,1666,,,1666,M,,,,,,1B,,,,,,,,,,,,,,,
1B-24-M15,1791,,,1791,M,,,,,,1B,,,,,,,,,,,,,,,
1B-24-M16,1667,,,1667,M,,,,,,1B,,1C,Moved to 1C,,,,,,,,,,,,
1B-24-M17,1792,,,1792,M,,,,,,1B,,,,,,,,,,,,,,,
1B-24-U1,1B-24-U1,,,1B-24-U1,U,,,,,,1B,,,,,,,,,,,,,,,
1B-24-U2,1B-24-U2,,,1B-24-U2,U,,,,,,1B,,,,,,,,,,,,,,,
1B-25-F1,1694,,,1694,F,,,,,,,,1B,,,,,,,,,,,,,
1B-25-F2,1693,,,1693,F,,,,,,,,1B,,,,,,,,,,,,,
1B-25-F3,1688,,,1688,F,,,,,,,,1B,,,,,,,,,,,,,
1B-25-F4,1421,,,1421,F,,,,,,,,1B,,,,,,,,,,,,,
1B-25-F5,662,,,662,F,,,,,,,,1B,,,,,,,,,,,,,
1B-25-M1,1692,,,1692,M,,,,,,,,1B,,,,,,,,,,,,,
1B-25-M2,1693,,,1693,M,,,,,,,,1B,,,,,,,,,,,,,
1C-22-F1,759,,,759,F,,1C,,,,,,,,,,,,,,,,,,,
1C-22-F2,757,,,757,F,,1C,,,,,,,,,,,,,,,,,,,
1C-22-F3,763,,,763,F,,1C,,,,,,,,,,,,,,,,,,,
1C-22-F4,762,,,762,F,,1C,,,,,,,,,,,,,,,,,,,
1C-22-F5,705,,,705,F,,1C,,,,,,,,,,,,,,,,,,,
1C-22-F6,760,,,760,F,,1C,,1C,,1C,,,,,,,,,,,,,,,
1C-22-F7,707,,,707,F,,1C,,,,,,,,,,,,,,,,,,,
1C-22-F8,712,,,712,F,,1C,,,,,,,,,,,,,,,,,,,
1C-22-F9,764,,,764,F,,1C,,1C,,1C,,,,,,,,,,,,,,,
1C-22-F10,713,,,713,F,,1C,,,,,,,,,,,,,,,,,,,
1C-22-F11,714,,,714,F,,1C,,1B,1B,1B,1B,1B,Moved to 1B,,,,,,,,,,,,
1C-22-M1,702,,,702,M,,1C,,,,,,,,,,,,,,,,,,,
1C-22-M2,756,,,756,M,,1C,,,,,,,,,,,,,,,,,,,
1C-22-M3,701,,,701,M,,1C,,1C,,1C,,,,,,,,,,,,,,,
1C-22-M4,703,,,703,M,,1C,,,,,,,,,,,,,,,,,,,
1C-22-M5,706,,,706,M,,1C,,,,,,,,,,,,,,,,,,,
1C-22-M6,761,,,761,M,,1C,,,,1C,1C,,,,,,,,,,,,,,
1C-22-M7,704,,,704,M,,1C,,,,,,,,,,,,,,,,,,,
1C-22-M8,758,,,758,M,,1C,,,,,,,,,,,,,,,,,,,
1C-22-M9,711,,,711,M,,1C,,,,,,,,,,,,,,,,,,,
1C-22-M10,709,,,709,M,,1C,,1C,,,,,,,,,,,,,,,,,
1C-22-M11,708,,,708,M,,1C,,,,,,,,,,,,,,,,,,,
1C-22-M12,450,,,450,M,,1C,,,,,,,,,,,,,,,,,,,
1C-22-M13,765,588,,765 / 588,M,,1C,,1C,,1C,,1C,,,,,,,,,,,,,
1C-22-M14,991,,,,M,,,1C,,,,,,,,,,,,,,,,,,
1C-22-U1,710,,,710,M,,1C,,,,,,,,,,,,,,,,,,,
1C-23-F1,1C-Red X,,,1C-Red X,F,,,,1C,,,,,,,,,,,,,,,,,
1C-23-F2,1C-Red Y,,,1C-Red Y,F,,,,1C,,,,,,,,,,,,,,,,,
1C-23-F3,577,,,577,F,,,,1C,,,,,,,,,,,,,,,,,
1C-23-F4,1092,,,1092,F,,,,1C,,,,,,,,,,,,,,,,,
1C-23-F5,579,,,579,F,,,,1C,,,,,,,,,,,,,,,,,
1C-23-F6,580,,,580,F,,,,1C,,,,,,,,,,,,,,,,,
1C-23-F7,1C-Blue 1,,,1C-Blue 1,F,,,,1C,,,,,,,,,,,,,,,,,
1C-23-F8,584,,,584,F,,,,1C,,1C,,,,,,,,,,,,,,,
1C-23-F9,586,,,586,F,,,,1C,,1C,1C,,,,,,,,,,,,,,
1C-23-F10,587,,,587,F,,,,1C,,,,1C,,,,,,,,,,,,,
1C-23-F11,1C-Black smiley face,,,1C-Black smiley face,F,,,,1C,,,,,,,,,,,,,,,,,
1C-23-F12,590,,,590,F,,,,1C,,,,,,,,,,,,,,,,,
1C-23-F13,591,,,591,F,,,,1C,,,,,,,,,,,,,,,,,
1C-23-F14,1053,,,1053,F,,,,1C,,,,,,,,,,,,,,,,,
1C-23-F15,565,,,565,F,,,,1C,,,,,,,,,,,,,,,,,
1C-23-F16,566,,,566,F,,,,1C,,,,1C,,,,,,,,,,,,,
1C-23-M1,1091,,,1091,M,,,,1C,,,,,,,,,,,,,,,,,
1C-23-M2,1723,,,1723,M,,,,1C,,,,,,,,,,,,,,,,,
1C-23-M3,1724,,,1724,M,,,,1C,,,,,,,,,,,,,,,,,
1C-23-M4,578,,,578,M,,,,1C,,,,,,,,,,,,,,,,,
1C-23-M5,1093,,,1093,M,,,,1C,,,,,,,,,,,,,,,,,
1C-23-M6,1725,,,1725,M,,,,1C,,,,,,,,,,,,,,,,,
1C-23-M7,582,,,582,M,,,,1C,,1C,,,,,,,,,,,,,,,
1C-23-M8,583,,,583,M,,,,1C,,,,,,,,,,,,,,,,,
1C-23-M9,585,,,585,M,,,,1C,,,,,,,,,,,,,,,,,
1C-23-M10,1C-Blue 2,,,1C-Blue 2,M,,,,1C,,,,,,,,,,,,,,,,,
1C-23-M11,589,,,589,M,,,,1C,1C,,,,,,,,,,,,,,,,
1C-23-M12,558,,,558,M,,,,1C,,,,,,,,,,,,,,,,,
1C-23-M13,560,,,560,M,,,,1C,,,,,,,,,,,,,,,,,
1C-23-M14,592,,,592,M,,,,1C,,,,,,,,,,,,,,,,,
1C-24-F1,1282,,,1282,F,,,,,,1C,,,,,,,,,,,,,,,
1C-24-F2,1226,,,1226,F,,,,,,1C,1C,,,,,,,,,,,,,,
1C-24-F3,1C-Black L,,,1C-Black L,F,,,,,,1C,,,,,,,,,,,,,,,
1C-24-F4,1284,,,1284,F,,,,,,1C,,,,,,,,,,,,,,,
1C-24-F5,1272,,,1272,F,,,,,,1C,,,,,,,,,,,,,,,
1C-24-F6,1288,,,1288,F,,,,,,1C,,,,,,,,,,,,,,,
1C-24-F10,1291,,,1291,F,,,,,,1C,1C,1C,,,,,,,,,,,,,
1C-24-F11,1228,,,1228,F,,,,,,1C,,,,,,,,,,,,,,,
1C-24-F12,1229,,,1229,F,,,,,,1C,,,,,,,,,,,,,,,
1C-24-F13,1230,,,1230,F,,,,,,1C,,,,,,,,,,,,,,,
1C-24-F14,1294,,,1294,F,,,,,,1C,,,,,,,,,,,,,,,
1C-24-F15,1297,,,1297,F,,,,,,1C,,,,,,,,,,,,,,,
1C-24-F16,1298,,,1298,F,,,,,,1C,,1C,,,,,,,,,,,,,
1C-24-F17,1768,,,1768,F,,,,,,1C,,,,,,,,,,,,,,,
1C-24-F18,1638,,,,F,,,,,,,1C,,,,,,,,,,,,,,
1C-24-F19,1610,,,1610,F,,,,,,,1C,1C,,,,,,,,,,,,,
1C-24-M1,1283,,,1283,M,,,,,,1C,,,,,,,,,,,,,,,
1C-24-M2,1270,,,1270,M,,,,,,1C,,,,,,,,,,,,,,,
1C-24-M3,1271,,,1271,M,,,,,,1C,,,,,,,,,,,,,,,
1C-24-M4,1285,,,1285,M,,,,,,1C,1A,1A,Trapped in 1A,,,,,,,,,,,,
1C-24-M5,1286,,,1286,M,,,,,,1C,,,,,,,,,,,,,,,
1C-24-M7,1289,,,1289,M,,,,,,1C,,,,,,,,,,,,,,,
1C-24-M8,1273,,,1273,M,,,,,,1C,,,,,,,,,,,,,,,
1C-24-M9,1275,,,1275,M,,,,,,1C,,1C,,,,,,,,,,,,,
1C-24-M10,1290,,,1290,M,,,,,,1C,,,,,,,,,,,,,,,
1C-24-M11,1227,,,1227,M,,,,,,1C,,,,,,,,,,,,,,,
1C-24-M12,1292,,,1292,M,,,,,,1C,,,,,,,,,,,,,,,
1C-24-M13,1293,,,1293,M,,,,,,1C,,,,,,,,,,,,,,,
1C-24-M14,1295,,,1295,M,,,,,,1C,,1C,,,,,,,,,,,,,
1C-24-M15,1296,,,1296,M,,,,,,1C,,,,,,,,,,,,,,,
1C-24-M16,1232,,,1232,M,,,,,,1C,,1C,,,,,,,,,,,,,
1C-24-M17,1609,,,,M,,,,,,,1C,,"Previously tagged but both tags ripped out. Small side male, likely leveret last year.",,,,,,,,,,,,
1C-24-M18,1C-24-M18,,,,M,,,,,,,1C,,,,,,,,,,,,,,
1C-24-M19,1611,,,,M,,,,,,,1C,,,,,,,,,,,,,,
1C-24-M20,1613,,,,M,,,,,,,1C,,,,,,,,,,,,,,
1C-24-U1,1287,,,1287,U,,,,,,1C,,,,,,,,,,,,,,,
1C-24-U2,1231,,,1231,U,,,,,,1C,,,,,,,,,,,,,,,
1C-24-U3,1C-24-U3,,,,U,,,,,,,1C,,,,,,,,,,,,,,
1C-25-F1,1687,,,1687,F,,,,,,,,1C,,,,,,,,,,,,,
1C-25-F2,1446,,,1446,F,,,,,,,,1C,,,,,,,,,,,,,
1C-25-F3,1425,,,1425,F,,,,,,,,1C,,,,,,,,,,,,,
1C-25-F4,1424,,,1424,F,,,,,,,,1C,,,,,,,,,,,,,
1C-25-F5,1231,,,1231,F,,,,,,,,1C,,,,,,,,,,,,,
1C-25-F6,652,,,652,F,,,,,,,,1C,,,,,,,,,,,,,
1C-25-F7,654,,,654,F,,,,,,,,1C,,,,,,,,,,,,,
1C-25-F8,656,,,656,F,,,,,,,,1C,,,,,,,,,,,,,
1C-25-F9,1420,,,1420,F,,,,,,,,1C,,,,,,,,,,,,,
1C-25-F10,683,,,683,F,,,,,,,,1C,,,,,,,,,,,,,
1C-25-M1,1686,,,1686,M,,,,,,,,1C,,,,,,,,,,,,,
1C-25-M2,1415,,,1415,M,,,,,,,,1C,,,,,,,,,,,,,
1C-25-M3,1416,,,1416,M,,,,,,,,1C,,,,,,,,,,,,,
1C-25-M4,1417,,,1417,M,,,,,,,,1C,,,,,,,,,,,,,
1C-25-M5,1418,,,1418,M,,,,,,,,1C,,,,,,,,,,,,,
1C-25-M6,1419,,,1419,M,,,,,,,,1C,,,,,,,,,,,,,
1C-25-M7,653,,,653,M,,,,,,,,1C,,,,,,,,,,,,,
1C-25-M8,655,,,655,M,,,,,,,,1C,,,,,,,,,,,,,
1C-25-M9,677,,,677,M,,,,,,,,1C,,,,,,,,,,,,,
1C-25-M10,661,,,661,M,,,,,,,,1C,,,,,,,,,,,,,
1C-25-M11,684,,,684,M,,,,,,,,1C,,,,,,,,,,,,,
1C-25-M12,678,,,678,M,,,,,,,,1C,,,,,,,,,,,,,
1C-25-U1,1689,,,1689,U,,,,,,,,1C,,,,,,,,,,,,,
1C-25-U2,1C-25-U2,,,1C-25-U2,U,,,,,,,,1C,,,,,,,,,,,,,
4A-22-F1,927,,,927,F,,4A,,,,,,,,,,,,,,,,,,,
4A-22-F2,1595,,,1595,F,,4A,,,,,,,,,,,,,,,,,,,
4A-22-F3,906,,,906,F,,4A,,,,,,,,,,,,,,,,,,,
4A-22-F4,903,,,903,F,,4A,,,,,,,,,,,,,,,,,,,
4A-22-F5,931,,,931,F,,4A,,,,,,4A,,,,,,,,,,,,,
4A-22-F6,910,,,910,F,,4A,,,,,,,,,,,,,,,,,,,
4A-22-F7,933,,,933,F,,4A,,,,,,,,,,,,,,,,,,,
4A-22-F8,934,,,934,F,,4A,,4A,,4A,,,,,,,,,,,,,,,
4A-22-F9,971,,,971,F,,4A,,,,,,,,,,,,,,,,,,,
4A-22-F10,913,,,913,F,,4A,,,,,,,,,,,,,,,,,,,
4A-22-F11,970,,,970,F,,4A,,,,,,,,,,,,,,,,,,,
4A-22-F12,935,,,935,F,,4A,,4A,,,4A,,,,,,,,,,,,,,
4A-22-F13,909,,,909,F,,4A,,4A,4A,,,,,,,,,,,,,,,,
4A-22-F14,915,,,915,F,,4A,,4A,4A,,,,,,,,,,,,,,,,
4A-22-F15,969,,,969,F,,4A,,,,,,,,,,,,,,,,,,,
4A-22-F16,916,,,916,F,,4A,,,,,,,,,,,,,,,,,,,
4A-22-F17,938,,,938,F,,4A,,,,,,,,,,,,,,,,,,,
4A-22-M1,928,,,928,M,,4A,,4A,,,,,,,,,,,,,,,,,
4A-22-M2,929,,,929,M,,4A,,,,,,,,,,,,,,,,,,,
4A-22-M3,1594,,,1594,M,,4A,,4A,,,,,,,,,,,,,,,,,
4A-22-M4,1597,,,1597,M,,4A,,,,,,,,,,,,,,,,,,,
4A-22-M5,1825,,,1825,M,,4A,,,,,,,,,,,,,,,,,,,
4A-22-M6,94,,,94,M,,4A,,4A,,,,,,,,,,,,,,,,,
4A-22-M7,1596,,,1596,M,,4A,,,,4A,4A,,,,,,,,,,,,,,
4A-22-M8,95,,,95,M,,4A,,,,,,,,,,,,,,,,,,,
4A-22-M9,905,,,905,M,,4A,,,,,,,,,,,,,,,,,,,
4A-22-M10,904,,,904,M,,4A,,,,,,,,,,,,,,,,,,,
4A-22-M11,907,,,907,M,,4A,,,,,,,,,,,,,,,,,,,
4A-22-M12,930,,,930,M,,4A,,,,,,,,,,,,,,,,,,,
4A-22-M13,908,,,908,M,,4A,,,,,,,,,,,,,,,,,,,
4A-22-M14,932,,,932,M,,4A,,4A,,,,,,,,,,,,,,,,,
4A-22-M15,911,1607,,911 / 1607,M,,4A,,,,,4A,,,,,,,,,,,,,,
4A-22-M16,912,,,912,M,,4A,,,,,,,,,,,,,,,,,,,
4A-22-M17,975,,,975,M,,4A,,,,,,,,,,,,,,,,,,,
4A-22-M18,974,,,974,M,,4A,,,,,,,,,,,,,,,,,,,
4A-22-M19,973,,,973,M,,4A,,,,,,,,,,,,,,,,,,,
4A-22-M20,914,,,914,M,,4A,,,,,,,,,,,,,,,,,,,
4A-22-M21,936,,,936,M,,4A,,,,,,,,,,,,,,,,,,,
4A-22-M22,917,,,917,M,,4A,,,,,,,,,,,,,,,,,,,
4A-22-M23,968,,,968,M,,4A,,4A,,,,,,,,,,,,,,,,,
4A-22-M24,937,,,937,M,,4A,,,,,,,,,,,,,,,,,,,
4A-22-M25,951,,,951,M,,4A,,,,,,,,,,,,,,,,,,,
4A-22-M26,1899,,,1899,M,,4A,,,,,,,,,,,,,,,,,,,
4A-22-M27,918,,,918,M,,4A,,,,,,,,,,,,,,,,,,,
4A-22-M28,919,,,919,M,,4A,,,,,,,,,,,,,,,,,,,
4A-22-U2,972,,,972,U,,4A,,,,,,,,,,,,,,,,,,,
4A-22-U3,920,,,920,U,,4A,,,,,,,,,,,,,,,,,,,
4A-22-U4,921,,,921,U,,4A,,,,,,,,,,,,,,,,,,,
4A-22-U5,960,,,960,U,,4A,,,,,,,,,,,,,,,,,,,
4A-22-U7,4A-22-U7,,,4A-22-U7,U,,4A,,,,,,,,,,,,,,,,,,,
4A-23-F1,568,,,568,F,,,,4A,,,,,,,,,,,,,,,,,
4A-23-F2,593,,,593,F,,,,4A,,,,,,,,,,,,,,,,,
4A-23-F3,572,,,572,F,,,,4A,,,,,,,,,,,,,,,,,
4A-23-F4,1043,,,1043,F,,,,4A,,,,,,,,,,,,,,,,,
4A-23-F5,826,,,826,F,,,,4A,,,,,,,,,,,,,,,,,
4A-23-F6,1044,,,1044,F,,,,4A,,,,,,,,,,,,,,,,,
4A-23-F7,827,,,827,F,,,,4A,,,,,,,,,,,,,,,,,
4A-23-F8,1045,,,1045,F,,,,4A,,,,,,,,,,,,,,,,,
4A-23-F9,1046,,,1046,F,,,,4A,,,,,,,,,,,,,,,,,
4A-23-F10,1047,,,1047,F,,,,4A,,,,,,,,,,,,,,,,,
4A-23-F11,574,1608,,574 / 1608,F,,,,4A,,,4A,4A,,,,,,,,,,,,,
4A-23-F12,802,,,802,F,,,,4A,,,,,,,,,,,,,,,,,
4A-23-F13,1059,,,1059,F,,,,4A,,,,,,,,,,,,,,,,,
4A-23-M1,567,,,567,M,,,,4A,,,,,,,,,,,,,,,,,
4A-23-M2,1075,,,1075,M,,,,4A,,,,,,,,,,,,,,,,,
4A-23-M3,569,,,569,M,,,,4A,,,,,,,,,,,,,,,,,
4A-23-M4,1056,,,1056,M,,,,4A,,,,,,,,,,,,,,,,,
4A-23-M5,594,,,594,M,,,,4A,,,,,,,,,,,,,,,,,
4A-23-M6,1057,,,1057,M,,,,4A,,,,,,,,,,,,,,,,,
4A-23-M7,570,,,570,M,,,,4A,,,,,,,,,,,,,,,,,
4A-23-M8,571,,,571,M,,,,4A,,,,,,,,,,,,,,,,,
4A-23-M9,573,,,573,M,,,,4A,,4A,,,,,,,,,,,,,,,
4A-23-M10,575,,,575,M,,,,4A,,,,,,,,,,,,,,,,,
4A-23-M11,1050,,,1050,M,,,,4A,,,,,,,,,,,,,,,,,
4A-23-M12,801,,,801,M,,,,4A,4A,,,,,,,,,,,,,,,,
4A-23-U1,1049,,,1049,U,,,,4A,,,,,,,,,,,,,,,,,
4A-24-F1,1773,,,1773,F,,,,,,4A,4A,4A,,,,,,,,,,,,,
4A-24-F2,1774,,,1774,F,,,,,,4A,,4A,,,,,,,,,,,,,
4A-24-F3,1793,,,1793,F,,,,,,4A,,,,,,,,,,,,,,,
4A-24-F4,1794,,,1794,F,,,,,,4A,,,,,,,,,,,,,,,
4A-24-F5,1796,,,1796,F,,,,,,4A,,,,,,,,,,,,,,,
4A-24-F5,1796,,,1796,F,,,,,,4A,,,,,,,,,,,,,,,
4A-24-F6,1674,,,1674,F,,,,,,4A,,,,,,,,,,,,,,,
4A-24-F7,1798,,,1798,F,,,,,,4A,,,,,,,,,,,,,,,
4A-24-M1,1795,,,1795,M,,,,,,4A,,,,,,,,,,,,,,,
4A-24-M2,1797,,,1797,M,,,,,,4A,,,,,,,,,,,,,,,
4A-24-M3,1675,,,1675,M,,,,,,4A,,,,,,,,,,,,,,,
4A-24-M4,1775,,,1775,M,,,,,,4A,,,,,,,,,,,,,,,
4A-24-M5,1606,,,,M,,,,,,,4A,,,,,,,,,,,,,,
4A-24-M6,1645,,,,M,,,,,,,4A,,,,,,,,,,,,,,
4A-25-F1,687,,,687,F,,,,,,,,4A,,,,,,,,,,,,,
4A-25-F2,1925,,,1925,F,,,,,,,,4A,,,,,,,,,,,,,
4A-25-F3,689,,,689,F,,,,,,,,4A,,,,,,,,,,,,,
4A-25-F4,690,,,690,F,,,,,,,,4A,,,,,,,,,,,,,
4A-25-F5,691,,,691,F,,,,,,,,4A,,,,,,,,,,,,,
4A-25-F6,692,,,692,F,,,,,,,,4A,,,,,,,,,,,,,
4A-25-F7,694,,,694,F,,,,,,,,4A,,,,,,,,,,,,,
4A-25-F8,696,,,696,F,,,,,,,,4A,,,,,,,,,,,,,
4A-25-F9,627,,,627,F,,,,,,,,4A,,,,,,,,,,,,,
4A-25-M1,686,,,686,M,,,,,,,,4A,,,,,,,,,,,,,
4A-25-M2,688,,,688,M,,,,,,,,4A,,,,,,,,,,,,,
4A-25-M3,1924,,,1924,M,,,,,,,,4A,,,,,,,,,,,,,
4A-25-M4,693,,,693,M,,,,,,,,4A,,,,,,,,,,,,,
4A-25-M5,695,,,695,M,,,,,,,,4A,,,,,,,,,,,,,
4A-25-M6,697,,,697,M,,,,,,,,4A,,,,,,,,,,,,,
4A-25-M7,698,,,698,M,,,,,,,,4A,,,,,,,,,,,,,
4A-25-M8,628,,,628,M,,,,,,,,4A,,,,,,,,,,,,,
4A-25-M9,629,,,629,M,,,,,,,,4A,,,,,,,,,,,,,
4B-22-F1,749,,,749,F,,4B,,,,,,,,,,,,,,,,,,,
4B-22-F2,748,,,748,F,,4B,,,,,,,,,,,,,,,,,,,
4B-22-F3,1600,,,1600,F,,4B,,,,,,,,,,,,,,,,,,,
4B-22-F4,1896,,,1896,F,,4B,,,,,,,,,,,,,,,,,,,
4B-22-F5,902,,,902,F,,4B,,,,,,,,,,,,,,,,,,,
4B-22-M1,901,,,901,M,,4B,,,,,,,,,,,,,,,,,,,
4B-22-M2,743,,,743,M,,4B,,4B,,,,,,,,,,,,,,,,,
4B-22-M3,1898,,,1898,M,,4B,,,,,,,,,,,,,,,,,,,
4B-22-M4,1897,,,1897,M,,4B,,,,,,,,,,,,,,,,,,,
4B-22-M5,1895,,,1895,M,,4B,,,,,,,,,,,,,,,,,,,
4B-22-M6,774,,,774,M,,4B,,4B,,,4B,,,,,,,,,,,,,,
4B-22-M7,771,,,771,M,,4B,,,,,,,,,,,,,,,,,,,
4B-22-M8,926,,,926,M,,4B,,,,,,,,,,,,,,,,,,,
4B-22-M9,1590,,,1590,M,,4B,,4B,,,,,,,,,,,,,,,,,
4B-22-M10,1591,,,1591,M,,4B,,,,,,,,,,,,,,,,,,,
4B-22-U2,1592,,,1592,U,,4B,,,,,,,,,,,,,,,,,,,
4B-23-F1,595,,,595,F,,,,4B,4B,,,,,,,,,,,,,,,,
4B-23-F2,1072,,,1072B,F,,,,4B,,,,,,,,,,,,,,,,,
4B-23-F3,1061,,,1061,F,,,,4B,,,,,,,,,,,,,,,,,
4B-23-F4,597,,,597,F,,,,4B,,,,,,,,,,,,,,,,,
4B-23-F5,1071,,,1071,F,,,,4B,,,,,,,,,,,,,,,,,
4B-23-F6,1058,,,1058,F,,,,4B,,,,,,,,,,,,,,,,,
4B-23-F7,829,,,829,F,,,,4B,,,,,,,,,,,,,,,,,
4B-23-F8,1060,,,1060,F,,,,4B,,,,,,,,,,,,,,,,,
4B-23-F9,526,,,526,F,,,,4B,,,,,,,,,,,,,,,,,
4B-23-F10,527,,,527,F,,,,4B,,,,,,,,,,,,,,,,,
4B-23-F11,1257,,,1257,F,,,,,4B,4B,4B,,,,,,,,,,,,,,
4B-23-F12,1258,,,,F,,,,,4B,,,,,,,,,,,,,,,,
4B-23-F13,1259,,,,F,,,,,4B,,,,,,,,,,,,,,,,
4B-23-M1,1074,,,1074,M,,,,4B,,,,,,,,,,,,,,,,,
4B-23-M2,1062,,,1062,M,,,,4B,,,,,,,,,,,,,,,,,
4B-23-M3,1073,,,1073,M,,,,4B,,,,,,,,,,,,,,,,,
4B-23-M4,596,,,596,M,,,,4B,,,,,,,,,,,,,,,,,
4B-23-M5,828,,,828,M,,,,4B,,,,,,,,,,,,,,,,,
4B-23-M6,598,,,598,M,,,,4B,,,,,,,,,,,,,,,,,
4B-23-M7,1064,,,1064,M,,,,4B,,4B,,,,,,,,,,,,,,,
4B-23-M8,599,,,599,M,,,,4B,,,,,,,,,,,,,,,,,
4B-23-M9,508,,,,M,,,,,4B,,,,,,,,,,,,,,,,
4B-23-M10,1256,,,1256,M,,,,,4B,4B,,,,,,,,,,,,,,,
4B-24-F1,1672,,,1672,F,,,,,,4B,,,,,,,,,,,,,,,
4B-24-M1,1668,,,1668,M,,,,,,4B,,,,,,,,,,,,,,,
4B-24-M2,1669,,,1669,M,,,,,,4B,,,,,,,,,,,,,,,
4B-24-M3,1671,,,1671,M,,,,,,4B,4B,,,,,,,,,,,,,,
4B-24-M4,1673,,,1673,M,,,,,,4B,,,,,,,,,,,,,,,
4B-25-F1,663,,,663,F,,,,,,,,4B,,,,,,,,,,,,,
4B-25-F2,664,,,664,F,,,,,,,,4B,,,,,,,,,,,,,
4B-25-F3,666,,,666,F,,,,,,,,4B,,,,,,,,,,,,,
4B-25-M1,4B-Black X,,,4B-Black X,M,,,,,,,,4B,,,,,,,,,,,,,
4B-25-M2,1901,,,1901,M,,,,,,,,4B,,,,,,,,,,,,,
4B-25-M3,1902,,,1902,M,,,,,,,,4B,,,,,,,,,,,,,
4B-25-M4,665,,,665,M,,,,,,,,4B,,,,,,,,,,,,,
4B-25-M5,1923,,,1923,M,,,,,,,,4B,,,,,,,,,,,,,
4C-22-F1,725,,,725,F,,4C,,,,,,,,,,,,,,,,,,,
4C-22-F2,1589,,,1589,F,,4C,,,,,,,,,,,,,,,,,,,
4C-22-F3,738,,,738,F,,4C,,,,,,,,,,,,,,,,,,,
4C-22-F4,740,,,740,F,,4C,,,,,,,,,,,,,,,,,,,
4C-22-M1,724,,,724,M,,4C,,,,,,,,,,,,,,,,,,,
4C-22-M2,744,,,744,M,,4C,,,,,,,,,,,,,,,,,,,
4C-22-M3,742,,,742,M,,4C,,4C,,,,,,,,,,,,,,,,,
4C-22-M4,1599,,,1599,M,,4C,,,,,,,,,,,,,,,,,,,
4C-22-M5,1593,,,1593,M,,4C,,,,,,,,,,,,,,,,,,,
4C-23-F1,1070,,,1070,F,,,,4C,,4C,,,,,,,,,,,,,,,
4C-23-F2,814,,,814,F,,,,4C,,,,,,,,,,,,,,,,,
4C-23-F3,815,,,815,F,,,,4C,,,,,,,,,,,,,,,,,
4C-23-F4,816,,,816,F,,,,4C,,,,,,,,,,,,,,,,,
4C-23-F5,501,,,501,F,,,,4C,,,,,,,,,,,,,,,,,
4C-23-F6,817,,,817,F,,,,4C,,,,,,,,,,,,,,,,,
4C-23-F7,502,,,502,F,,,,4C,,4C,,,,,,,,,,,,,,,
4C-23-F8,1072,,,1072C,F,,,,4C,,,,,,,,,,,,,,,,,
4C-23-F9,503,,,503,F,,,,4C,,,,,,,,,,,,,,,,,
4C-23-F10,819,,,819,F,,,,4C,,4C,,,,,,,,,,,,,,,
4C-23-F11,504,,,504,F,,,,4C,,,,,,,,,,,,,,,,,
4C-23-F12,820,,,820,F,,,,4C,,,,,,,,,,,,,,,,,
4C-23-F13,835,,,835,F,,,,4C,,,,,,,,,,,,,,,,,
4C-23-F14,1255,,,,F,,,,,4C,,,,,,,,,,,,,,,,
4C-23-M1,813,,,813,M,,,,4C,,,,,,,,,,,,,,,,,
4C-23-M2,1069,,,1069,M,,,,4C,,,,,,,,,,,,,,,,,
4C-23-M3,818,,,818,M,,,,4C,4C,,,,,,,,,,,,,,,,
4C-23-M4,821,,,821,M,,,,4C,,,,,,,,,,,,,,,,,
4C-23-M5,822,,,822,M,,,,4C,,,,,,,,,,,,,,,,,
4C-23-M6,823,,,823,M,,,,4C,,,,,,,,,,,,,,,,,
4C-23-M7,505,,,505,M,,,,4C,4C,,,,,,,,,,,,,,,,
4C-23-M8,541,,,541,M,,,,4C,,,,,,,,,,,,,,,,,
4C-23-M9,506,,,506,M,,,,4C,,,,,,,,,,,,,,,,,
4C-23-M10,542,,,542,M,,,,4C,,,,,,,,,,,,,,,,,
4C-23-M11,518,,,,M,,,,,4C,,,,,,,,,,,,,,,,
4C-24-F1,1233,,,1233,F,,,,,,4C,,,,,,,,,,,,,,,
4C-24-F2,1770,,,1770,F,,,,,,4C,,,,,,,,,,,,,,,
4C-24-F3,1235,,,1235,F,,,,,,4C,,4C,,,,,,,,,,,,,
4C-24-F4,1238,,,1238,F,,,,,,4C,,,,,,,,,,,,,,,
4C-24-F5,1239,,,1239,F,,,,,,4C,,,,,,,,,,,,,,,
4C-24-F6,1670,,,1670,F,,,,,,4C,,,,,,,,,,,,,,,
4C-24-M1,1769,,,1769,M,,,,,,4C,,,,,,,,,,,,,,,
4C-24-M2,1234,,,1234,M,,,,,,4C,,,,,,,,,,,,,,,
4C-24-M3,1236,,,1236,M,,,,,,4C,,,,,,,,,,,,,,,
4C-24-M4,1237,,,1237,M,,,,,,4C,,,,,,,,,,,,,,,
4C-24-M5,1771,,,1771,M,,,,,,4C,,,,,,,,,,,,,,,
4C-24-M6,1639,,,,M,,,,,,,4C,,,,,,,,,,,,,,
4C-24-M7,1648,,,,M,,,,,,,4C,,,,,,,,,,,,,,
4C-25-F1,1922,,,1922,F,,,,,,,,4C,,,,,,,,,,,,,
4C-25-F2,1904,,,1904,F,,,,,,,,4C,,,,,,,,,,,,,
4C-25-U1,4C-25-U1,,,4C-25-U1,U,,,,,,,,4C,,,,,,,,,,,,,
,,,,,,,,,,,,,,,,,,,,,,,,,,
,,,,,,,,,,,,,,,,,,,,,,,,,,
